,,,,
,,,,
,,,,
,,,,
,,,,
,,,,
Child Death data - by country.csv,,,,
Row 30 - 45 ,,,,
Albania,2017,&lt;1,&lt;1,&lt;1
Albania,2016,&lt;1,&lt;1,&lt;1
Albania,2015,&lt;1,&lt;1,&lt;1
Albania,2014,&lt;1,&lt;1,&lt;1
Albania,2013,&lt;1,&lt;1,&lt;1
Albania,2012,&lt;1,&lt;1,&lt;1
Albania,2011,&lt;1,&lt;1,&lt;1
Albania,2010,&lt;1,&lt;1,&lt;1
Albania,2009,&lt;1,&lt;1,&lt;1
Albania,2008,1,&lt;1,&lt;1
Albania,2007,1,&lt;1,&lt;1
Albania,2006,1,1,&lt;1
Albania,2005,1,1,&lt;1
Albania,2004,1,1,&lt;1
Albania,2003,1,1,&lt;1
Albania,2002,1,1,&lt;1
,,,,
Row 86-113,,,,
Andorra,2017,&lt;1,&lt;1,&lt;1
Andorra,2016,&lt;1,&lt;1,&lt;1
Andorra,2015,&lt;1,&lt;1,&lt;1
Andorra,2014,&lt;1,&lt;1,&lt;1
Andorra,2013,&lt;1,&lt;1,&lt;1
Andorra,2012,&lt;1,&lt;1,&lt;1
Andorra,2011,&lt;1,&lt;1,&lt;1
Andorra,2010,&lt;1,&lt;1,&lt;1
Andorra,2009,&lt;1,&lt;1,&lt;1
Andorra,2008,&lt;1,&lt;1,&lt;1
Andorra,2007,&lt;1,&lt;1,&lt;1
Andorra,2006,&lt;1,&lt;1,&lt;1
Andorra,2005,&lt;1,&lt;1,&lt;1
Andorra,2004,&lt;1,&lt;1,&lt;1
Andorra,2003,&lt;1,&lt;1,&lt;1
Andorra,2002,&lt;1,&lt;1,&lt;1
Andorra,2001,&lt;1,&lt;1,&lt;1
Andorra,2000,&lt;1,&lt;1,&lt;1
Andorra,1999,&lt;1,&lt;1,&lt;1
Andorra,1998,&lt;1,&lt;1,&lt;1
Andorra,1997,&lt;1,&lt;1,&lt;1
Andorra,1996,&lt;1,&lt;1,&lt;1
Andorra,1995,&lt;1,&lt;1,&lt;1
Andorra,1994,&lt;1,&lt;1,&lt;1
Andorra,1993,&lt;1,&lt;1,&lt;1
Andorra,1992,&lt;1,&lt;1,&lt;1
Andorra,1991,&lt;1,&lt;1,&lt;1
Andorra,1990,&lt;1,&lt;1,&lt;1
,,,,
Row 142-169,,,,
Antigua and Barbuda,2017,&lt;1,&lt;1,&lt;1
Antigua and Barbuda,2016,&lt;1,&lt;1,&lt;1
Antigua and Barbuda,2015,&lt;1,&lt;1,&lt;1
Antigua and Barbuda,2014,&lt;1,&lt;1,&lt;1
Antigua and Barbuda,2013,&lt;1,&lt;1,&lt;1
Antigua and Barbuda,2012,&lt;1,&lt;1,&lt;1
Antigua and Barbuda,2011,&lt;1,&lt;1,&lt;1
Antigua and Barbuda,2010,&lt;1,&lt;1,&lt;1
Antigua and Barbuda,2009,&lt;1,&lt;1,&lt;1
Antigua and Barbuda,2008,&lt;1,&lt;1,&lt;1
Antigua and Barbuda,2007,&lt;1,&lt;1,&lt;1
Antigua and Barbuda,2006,&lt;1,&lt;1,&lt;1
Antigua and Barbuda,2005,&lt;1,&lt;1,&lt;1
Antigua and Barbuda,2004,&lt;1,&lt;1,&lt;1
Antigua and Barbuda,2003,&lt;1,&lt;1,&lt;1
Antigua and Barbuda,2002,&lt;1,&lt;1,&lt;1
Antigua and Barbuda,2001,&lt;1,&lt;1,&lt;1
Antigua and Barbuda,2000,&lt;1,&lt;1,&lt;1
Antigua and Barbuda,1999,&lt;1,&lt;1,&lt;1
Antigua and Barbuda,1998,&lt;1,&lt;1,&lt;1
Antigua and Barbuda,1997,&lt;1,&lt;1,&lt;1
Antigua and Barbuda,1996,&lt;1,&lt;1,&lt;1
Antigua and Barbuda,1995,&lt;1,&lt;1,&lt;1
Antigua and Barbuda,1994,&lt;1,&lt;1,&lt;1
Antigua and Barbuda,1993,&lt;1,&lt;1,&lt;1
Antigua and Barbuda,1992,&lt;1,&lt;1,&lt;1
Antigua and Barbuda,1991,&lt;1,&lt;1,&lt;1
Antigua and Barbuda,1990,&lt;1,&lt;1,&lt;1
,,,,
Row 198-208,,,,
Armenia,2017,&lt;1,&lt;1,&lt;1
Armenia,2016,1,&lt;1,&lt;1
Armenia,2015,1,1,&lt;1
Armenia,2014,1,1,&lt;1
Armenia,2013,1,1,&lt;1
Armenia,2012,1,1,&lt;1
Armenia,2011,1,1,&lt;1
Armenia,2010,1,1,&lt;1
Armenia,2009,1,1,&lt;1
Armenia,2008,1,1,&lt;1
Armenia,2007,1,1,&lt;1
,,,,
Row 254-281,,,,
Austria,2017,&lt;1,&lt;1,&lt;1
Austria,2016,&lt;1,&lt;1,&lt;1
Austria,2015,&lt;1,&lt;1,&lt;1
Austria,2014,&lt;1,&lt;1,&lt;1
Austria,2013,&lt;1,&lt;1,&lt;1
Austria,2012,&lt;1,&lt;1,&lt;1
Austria,2011,&lt;1,&lt;1,&lt;1
Austria,2010,&lt;1,&lt;1,&lt;1
Austria,2009,&lt;1,&lt;1,&lt;1
Austria,2008,&lt;1,&lt;1,&lt;1
Austria,2007,&lt;1,&lt;1,&lt;1
Austria,2006,&lt;1,&lt;1,&lt;1
Austria,2005,&lt;1,&lt;1,&lt;1
Austria,2004,&lt;1,&lt;1,&lt;1
Austria,2003,&lt;1,&lt;1,&lt;1
Austria,2002,&lt;1,&lt;1,&lt;1
Austria,2001,&lt;1,&lt;1,&lt;1
Austria,2000,&lt;1,&lt;1,&lt;1
Austria,1999,&lt;1,&lt;1,&lt;1
Austria,1998,&lt;1,&lt;1,&lt;1
Austria,1997,1,&lt;1,&lt;1
Austria,1996,1,&lt;1,&lt;1
Austria,1995,1,1,&lt;1
Austria,1994,1,1,&lt;1
Austria,1993,1,1,&lt;1
Austria,1992,1,1,&lt;1
Austria,1991,1,1,&lt;1
Austria,1990,1,1,&lt;1
,,,,
Row 310-365,,,,
Bahamas,2017,&lt;1,&lt;1,&lt;1
Bahamas,2016,&lt;1,&lt;1,&lt;1
Bahamas,2015,&lt;1,&lt;1,&lt;1
Bahamas,2014,&lt;1,&lt;1,&lt;1
Bahamas,2013,&lt;1,&lt;1,&lt;1
Bahamas,2012,&lt;1,&lt;1,&lt;1
Bahamas,2011,&lt;1,&lt;1,&lt;1
Bahamas,2010,&lt;1,&lt;1,&lt;1
Bahamas,2009,&lt;1,&lt;1,&lt;1
Bahamas,2008,&lt;1,&lt;1,&lt;1
Bahamas,2007,&lt;1,&lt;1,&lt;1
Bahamas,2006,&lt;1,&lt;1,&lt;1
Bahamas,2005,&lt;1,&lt;1,&lt;1
Bahamas,2004,&lt;1,&lt;1,&lt;1
Bahamas,2003,&lt;1,&lt;1,&lt;1
Bahamas,2002,&lt;1,&lt;1,&lt;1
Bahamas,2001,&lt;1,&lt;1,&lt;1
Bahamas,2000,&lt;1,&lt;1,&lt;1
Bahamas,1999,&lt;1,&lt;1,&lt;1
Bahamas,1998,&lt;1,&lt;1,&lt;1
Bahamas,1997,&lt;1,&lt;1,&lt;1
Bahamas,1996,&lt;1,&lt;1,&lt;1
Bahamas,1995,&lt;1,&lt;1,&lt;1
Bahamas,1994,&lt;1,&lt;1,&lt;1
Bahamas,1993,&lt;1,&lt;1,&lt;1
Bahamas,1992,&lt;1,&lt;1,&lt;1
Bahamas,1991,&lt;1,&lt;1,&lt;1
Bahamas,1990,&lt;1,&lt;1,&lt;1
Bahrain,2017,&lt;1,&lt;1,&lt;1
Bahrain,2016,&lt;1,&lt;1,&lt;1
Bahrain,2015,&lt;1,&lt;1,&lt;1
Bahrain,2014,&lt;1,&lt;1,&lt;1
Bahrain,2013,&lt;1,&lt;1,&lt;1
Bahrain,2012,&lt;1,&lt;1,&lt;1
Bahrain,2011,&lt;1,&lt;1,&lt;1
Bahrain,2010,&lt;1,&lt;1,&lt;1
Bahrain,2009,&lt;1,&lt;1,&lt;1
Bahrain,2008,&lt;1,&lt;1,&lt;1
Bahrain,2007,&lt;1,&lt;1,&lt;1
Bahrain,2006,&lt;1,&lt;1,&lt;1
Bahrain,2005,&lt;1,&lt;1,&lt;1
Bahrain,2004,&lt;1,&lt;1,&lt;1
Bahrain,2003,&lt;1,&lt;1,&lt;1
Bahrain,2002,&lt;1,&lt;1,&lt;1
Bahrain,2001,&lt;1,&lt;1,&lt;1
Bahrain,2000,&lt;1,&lt;1,&lt;1
Bahrain,1999,&lt;1,&lt;1,&lt;1
Bahrain,1998,&lt;1,&lt;1,&lt;1
Bahrain,1997,&lt;1,&lt;1,&lt;1
Bahrain,1996,&lt;1,&lt;1,&lt;1
Bahrain,1995,&lt;1,&lt;1,&lt;1
Bahrain,1994,&lt;1,&lt;1,&lt;1
Bahrain,1993,&lt;1,&lt;1,&lt;1
Bahrain,1992,&lt;1,&lt;1,&lt;1
Bahrain,1991,&lt;1,&lt;1,&lt;1
Bahrain,1990,&lt;1,&lt;1,&lt;1
,,,,
Row 394-438,,,,
Barbados,2017,&lt;1,&lt;1,&lt;1
Barbados,2016,&lt;1,&lt;1,&lt;1
Barbados,2015,&lt;1,&lt;1,&lt;1
Barbados,2014,&lt;1,&lt;1,&lt;1
Barbados,2013,&lt;1,&lt;1,&lt;1
Barbados,2012,&lt;1,&lt;1,&lt;1
Barbados,2011,&lt;1,&lt;1,&lt;1
Barbados,2010,&lt;1,&lt;1,&lt;1
Barbados,2009,&lt;1,&lt;1,&lt;1
Barbados,2008,&lt;1,&lt;1,&lt;1
Barbados,2007,&lt;1,&lt;1,&lt;1
Barbados,2006,&lt;1,&lt;1,&lt;1
Barbados,2005,&lt;1,&lt;1,&lt;1
Barbados,2004,&lt;1,&lt;1,&lt;1
Barbados,2003,&lt;1,&lt;1,&lt;1
Barbados,2002,&lt;1,&lt;1,&lt;1
Barbados,2001,&lt;1,&lt;1,&lt;1
Barbados,2000,&lt;1,&lt;1,&lt;1
Barbados,1999,&lt;1,&lt;1,&lt;1
Barbados,1998,&lt;1,&lt;1,&lt;1
Barbados,1997,&lt;1,&lt;1,&lt;1
Barbados,1996,&lt;1,&lt;1,&lt;1
Barbados,1995,&lt;1,&lt;1,&lt;1
Barbados,1994,&lt;1,&lt;1,&lt;1
Barbados,1993,&lt;1,&lt;1,&lt;1
Barbados,1992,&lt;1,&lt;1,&lt;1
Barbados,1991,&lt;1,&lt;1,&lt;1
Barbados,1990,&lt;1,&lt;1,&lt;1
Belarus,2017,&lt;1,&lt;1,&lt;1
Belarus,2016,&lt;1,&lt;1,&lt;1
Belarus,2015,&lt;1,&lt;1,&lt;1
Belarus,2014,&lt;1,&lt;1,&lt;1
Belarus,2013,1,&lt;1,&lt;1
Belarus,2012,1,&lt;1,&lt;1
Belarus,2011,1,&lt;1,&lt;1
Belarus,2010,1,&lt;1,&lt;1
Belarus,2009,1,&lt;1,&lt;1
Belarus,2008,1,1,&lt;1
Belarus,2007,1,1,&lt;1
Belarus,2006,1,1,&lt;1
Belarus,2005,1,1,&lt;1
Belarus,2004,1,1,&lt;1
Belarus,2003,1,1,&lt;1
Belarus,2002,1,1,&lt;1
Belarus,2001,1,1,&lt;1
,,,,
Row 450-474,,,,
Belgium,2017,&lt;1,&lt;1,&lt;1
Belgium,2016,&lt;1,&lt;1,&lt;1
Belgium,2015,1,&lt;1,&lt;1
Belgium,2014,1,&lt;1,&lt;1
Belgium,2013,1,&lt;1,&lt;1
Belgium,2012,1,&lt;1,&lt;1
Belgium,2011,1,&lt;1,&lt;1
Belgium,2010,1,&lt;1,&lt;1
Belgium,2009,1,&lt;1,&lt;1
Belgium,2008,1,&lt;1,&lt;1
Belgium,2007,1,&lt;1,&lt;1
Belgium,2006,1,&lt;1,&lt;1
Belgium,2005,1,&lt;1,&lt;1
Belgium,2004,1,&lt;1,&lt;1
Belgium,2003,1,1,&lt;1
Belgium,2002,1,1,&lt;1
Belgium,2001,1,1,&lt;1
Belgium,2000,1,1,&lt;1
Belgium,1999,1,1,&lt;1
Belgium,1998,1,1,&lt;1
Belgium,1997,1,1,&lt;1
Belgium,1996,1,1,&lt;1
Belgium,1995,1,1,&lt;1
Belgium,1994,1,1,&lt;1
Belgium,1993,1,1,&lt;1
,,,,
Row 478-505,,,,
Belize,2017,&lt;1,&lt;1,&lt;1
Belize,2016,&lt;1,&lt;1,&lt;1
Belize,2015,&lt;1,&lt;1,&lt;1
Belize,2014,&lt;1,&lt;1,&lt;1
Belize,2013,&lt;1,&lt;1,&lt;1
Belize,2012,&lt;1,&lt;1,&lt;1
Belize,2011,&lt;1,&lt;1,&lt;1
Belize,2010,&lt;1,&lt;1,&lt;1
Belize,2009,&lt;1,&lt;1,&lt;1
Belize,2008,&lt;1,&lt;1,&lt;1
Belize,2007,&lt;1,&lt;1,&lt;1
Belize,2006,&lt;1,&lt;1,&lt;1
Belize,2005,&lt;1,&lt;1,&lt;1
Belize,2004,&lt;1,&lt;1,&lt;1
Belize,2003,&lt;1,&lt;1,&lt;1
Belize,2002,&lt;1,&lt;1,&lt;1
Belize,2001,&lt;1,&lt;1,&lt;1
Belize,2000,&lt;1,&lt;1,&lt;1
Belize,1999,&lt;1,&lt;1,&lt;1
Belize,1998,&lt;1,&lt;1,&lt;1
Belize,1997,&lt;1,&lt;1,&lt;1
Belize,1996,&lt;1,&lt;1,&lt;1
Belize,1995,&lt;1,&lt;1,&lt;1
Belize,1994,&lt;1,&lt;1,&lt;1
Belize,1993,&lt;1,&lt;1,&lt;1
Belize,1992,&lt;1,&lt;1,&lt;1
Belize,1991,&lt;1,&lt;1,&lt;1
Belize,1990,&lt;1,&lt;1,&lt;1
,,,,
Row 534-550,,,,
Bhutan,2017,&lt;1,&lt;1,&lt;1
Bhutan,2016,&lt;1,&lt;1,&lt;1
Bhutan,2015,&lt;1,&lt;1,&lt;1
Bhutan,2014,1,&lt;1,&lt;1
Bhutan,2013,1,&lt;1,&lt;1
Bhutan,2012,1,&lt;1,&lt;1
Bhutan,2011,1,&lt;1,&lt;1
Bhutan,2010,1,1,&lt;1
Bhutan,2009,1,1,&lt;1
Bhutan,2008,1,1,&lt;1
Bhutan,2007,1,1,&lt;1
Bhutan,2006,1,1,&lt;1
Bhutan,2005,1,1,&lt;1
Bhutan,2004,1,1,&lt;1
Bhutan,2003,1,1,&lt;1
Bhutan,2002,1,1,&lt;1
Bhutan,2001,1,1,&lt;1
,,,,
Row 590-612,,,,
Bosnia and Herzegovina,2017,&lt;1,&lt;1,&lt;1
Bosnia and Herzegovina,2016,&lt;1,&lt;1,&lt;1
Bosnia and Herzegovina,2015,&lt;1,&lt;1,&lt;1
Bosnia and Herzegovina,2014,&lt;1,&lt;1,&lt;1
Bosnia and Herzegovina,2013,&lt;1,&lt;1,&lt;1
Bosnia and Herzegovina,2012,&lt;1,&lt;1,&lt;1
Bosnia and Herzegovina,2011,&lt;1,&lt;1,&lt;1
Bosnia and Herzegovina,2010,&lt;1,&lt;1,&lt;1
Bosnia and Herzegovina,2009,&lt;1,&lt;1,&lt;1
Bosnia and Herzegovina,2008,&lt;1,&lt;1,&lt;1
Bosnia and Herzegovina,2007,&lt;1,&lt;1,&lt;1
Bosnia and Herzegovina,2006,&lt;1,&lt;1,&lt;1
Bosnia and Herzegovina,2005,&lt;1,&lt;1,&lt;1
Bosnia and Herzegovina,2004,&lt;1,&lt;1,&lt;1
Bosnia and Herzegovina,2003,&lt;1,&lt;1,&lt;1
Bosnia and Herzegovina,2002,&lt;1,&lt;1,&lt;1
Bosnia and Herzegovina,2001,&lt;1,&lt;1,&lt;1
Bosnia and Herzegovina,2000,&lt;1,&lt;1,&lt;1
Bosnia and Herzegovina,1999,&lt;1,&lt;1,&lt;1
Bosnia and Herzegovina,1998,1,&lt;1,&lt;1
Bosnia and Herzegovina,1997,1,&lt;1,&lt;1
Bosnia and Herzegovina,1996,1,1,&lt;1
Bosnia and Herzegovina,1995,1,1,&lt;1
,,,,
Row 674-718,,,,
Brunei Darussalam,2017,&lt;1,&lt;1,&lt;1
Brunei Darussalam,2016,&lt;1,&lt;1,&lt;1
Brunei Darussalam,2015,&lt;1,&lt;1,&lt;1
Brunei Darussalam,2014,&lt;1,&lt;1,&lt;1
Brunei Darussalam,2013,&lt;1,&lt;1,&lt;1
Brunei Darussalam,2012,&lt;1,&lt;1,&lt;1
Brunei Darussalam,2011,&lt;1,&lt;1,&lt;1
Brunei Darussalam,2010,&lt;1,&lt;1,&lt;1
Brunei Darussalam,2009,&lt;1,&lt;1,&lt;1
Brunei Darussalam,2008,&lt;1,&lt;1,&lt;1
Brunei Darussalam,2007,&lt;1,&lt;1,&lt;1
Brunei Darussalam,2006,&lt;1,&lt;1,&lt;1
Brunei Darussalam,2005,&lt;1,&lt;1,&lt;1
Brunei Darussalam,2004,&lt;1,&lt;1,&lt;1
Brunei Darussalam,2003,&lt;1,&lt;1,&lt;1
Brunei Darussalam,2002,&lt;1,&lt;1,&lt;1
Brunei Darussalam,2001,&lt;1,&lt;1,&lt;1
Brunei Darussalam,2000,&lt;1,&lt;1,&lt;1
Brunei Darussalam,1999,&lt;1,&lt;1,&lt;1
Brunei Darussalam,1998,&lt;1,&lt;1,&lt;1
Brunei Darussalam,1997,&lt;1,&lt;1,&lt;1
Brunei Darussalam,1996,&lt;1,&lt;1,&lt;1
Brunei Darussalam,1995,&lt;1,&lt;1,&lt;1
Brunei Darussalam,1994,&lt;1,&lt;1,&lt;1
Brunei Darussalam,1993,&lt;1,&lt;1,&lt;1
Brunei Darussalam,1992,&lt;1,&lt;1,&lt;1
Brunei Darussalam,1991,&lt;1,&lt;1,&lt;1
Brunei Darussalam,1990,&lt;1,&lt;1,&lt;1
Bulgaria,2017,&lt;1,&lt;1,&lt;1
Bulgaria,2016,1,&lt;1,&lt;1
Bulgaria,2015,1,&lt;1,&lt;1
Bulgaria,2014,1,1,&lt;1
Bulgaria,2013,1,1,&lt;1
Bulgaria,2012,1,1,&lt;1
Bulgaria,2011,1,1,&lt;1
Bulgaria,2010,1,1,&lt;1
Bulgaria,2009,1,1,&lt;1
Bulgaria,2008,1,1,&lt;1
Bulgaria,2007,1,1,&lt;1
Bulgaria,2006,1,1,&lt;1
Bulgaria,2005,1,1,&lt;1
Bulgaria,2004,1,1,&lt;1
Bulgaria,2003,1,1,&lt;1
Bulgaria,2002,1,1,&lt;1
Bulgaria,2001,1,1,&lt;1
,,,,
Row 786-813,,,,
Cabo Verde,2017,&lt;1,&lt;1,&lt;1
Cabo Verde,2016,&lt;1,&lt;1,&lt;1
Cabo Verde,2015,&lt;1,&lt;1,&lt;1
Cabo Verde,2014,&lt;1,&lt;1,&lt;1
Cabo Verde,2013,&lt;1,&lt;1,&lt;1
Cabo Verde,2012,&lt;1,&lt;1,&lt;1
Cabo Verde,2011,&lt;1,&lt;1,&lt;1
Cabo Verde,2010,&lt;1,&lt;1,&lt;1
Cabo Verde,2009,&lt;1,&lt;1,&lt;1
Cabo Verde,2008,&lt;1,&lt;1,&lt;1
Cabo Verde,2007,&lt;1,&lt;1,&lt;1
Cabo Verde,2006,&lt;1,&lt;1,&lt;1
Cabo Verde,2005,&lt;1,&lt;1,&lt;1
Cabo Verde,2004,&lt;1,&lt;1,&lt;1
Cabo Verde,2003,&lt;1,&lt;1,&lt;1
Cabo Verde,2002,&lt;1,&lt;1,&lt;1
Cabo Verde,2001,&lt;1,&lt;1,&lt;1
Cabo Verde,2000,&lt;1,&lt;1,&lt;1
Cabo Verde,1999,1,&lt;1,&lt;1
Cabo Verde,1998,1,&lt;1,&lt;1
Cabo Verde,1997,1,1,&lt;1
Cabo Verde,1996,1,1,&lt;1
Cabo Verde,1995,1,1,&lt;1
Cabo Verde,1994,1,1,&lt;1
Cabo Verde,1993,1,1,&lt;1
Cabo Verde,1992,1,1,&lt;1
Cabo Verde,1991,1,1,&lt;1
Cabo Verde,1990,1,1,&lt;1
,,,,
Row 1094-1134,,,,
Cook Islands,2017,&lt;1,&lt;1,&lt;1
Cook Islands,2016,&lt;1,&lt;1,&lt;1
Cook Islands,2015,&lt;1,&lt;1,&lt;1
Cook Islands,2014,&lt;1,&lt;1,&lt;1
Cook Islands,2013,&lt;1,&lt;1,&lt;1
Cook Islands,2012,&lt;1,&lt;1,&lt;1
Cook Islands,2011,&lt;1,&lt;1,&lt;1
Cook Islands,2010,&lt;1,&lt;1,&lt;1
Cook Islands,2009,&lt;1,&lt;1,&lt;1
Cook Islands,2008,&lt;1,&lt;1,&lt;1
Cook Islands,2007,&lt;1,&lt;1,&lt;1
Cook Islands,2006,&lt;1,&lt;1,&lt;1
Cook Islands,2005,&lt;1,&lt;1,&lt;1
Cook Islands,2004,&lt;1,&lt;1,&lt;1
Cook Islands,2003,&lt;1,&lt;1,&lt;1
Cook Islands,2002,&lt;1,&lt;1,&lt;1
Cook Islands,2001,&lt;1,&lt;1,&lt;1
Cook Islands,2000,&lt;1,&lt;1,&lt;1
Cook Islands,1999,&lt;1,&lt;1,&lt;1
Cook Islands,1998,&lt;1,&lt;1,&lt;1
Cook Islands,1997,&lt;1,&lt;1,&lt;1
Cook Islands,1996,&lt;1,&lt;1,&lt;1
Cook Islands,1995,&lt;1,&lt;1,&lt;1
Cook Islands,1994,&lt;1,&lt;1,&lt;1
Cook Islands,1993,&lt;1,&lt;1,&lt;1
Cook Islands,1992,&lt;1,&lt;1,&lt;1
Cook Islands,1991,&lt;1,&lt;1,&lt;1
Cook Islands,1990,&lt;1,&lt;1,&lt;1
Costa Rica,2017,1,1,&lt;1
Costa Rica,2016,1,1,&lt;1
Costa Rica,2015,1,1,&lt;1
Costa Rica,2014,1,1,&lt;1
Costa Rica,2013,1,1,&lt;1
Costa Rica,2012,1,1,&lt;1
Costa Rica,2011,1,1,&lt;1
Costa Rica,2010,1,1,&lt;1
Costa Rica,2009,1,1,&lt;1
Costa Rica,2008,1,1,&lt;1
Costa Rica,2007,1,1,&lt;1
Costa Rica,2006,1,1,&lt;1
Costa Rica,2005,1,1,&lt;1
,,,,
Row 1178-1219,,,,
Croatia,2017,&lt;1,&lt;1,&lt;1
Croatia,2016,&lt;1,&lt;1,&lt;1
Croatia,2015,&lt;1,&lt;1,&lt;1
Croatia,2014,&lt;1,&lt;1,&lt;1
Croatia,2013,&lt;1,&lt;1,&lt;1
Croatia,2012,&lt;1,&lt;1,&lt;1
Croatia,2011,&lt;1,&lt;1,&lt;1
Croatia,2010,&lt;1,&lt;1,&lt;1
Croatia,2009,&lt;1,&lt;1,&lt;1
Croatia,2008,&lt;1,&lt;1,&lt;1
Croatia,2007,&lt;1,&lt;1,&lt;1
Croatia,2006,&lt;1,&lt;1,&lt;1
Croatia,2005,&lt;1,&lt;1,&lt;1
Croatia,2004,&lt;1,&lt;1,&lt;1
Croatia,2003,&lt;1,&lt;1,&lt;1
Croatia,2002,&lt;1,&lt;1,&lt;1
Croatia,2001,&lt;1,&lt;1,&lt;1
Croatia,2000,&lt;1,&lt;1,&lt;1
Croatia,1999,&lt;1,&lt;1,&lt;1
Croatia,1998,&lt;1,&lt;1,&lt;1
Croatia,1997,&lt;1,&lt;1,&lt;1
Croatia,1996,&lt;1,&lt;1,&lt;1
Croatia,1995,&lt;1,&lt;1,&lt;1
Croatia,1994,1,&lt;1,&lt;1
Croatia,1993,1,&lt;1,&lt;1
Croatia,1992,1,1,&lt;1
Croatia,1991,1,1,&lt;1
Croatia,1990,1,1,&lt;1
Cuba,2017,1,1,&lt;1
Cuba,2016,1,1,&lt;1
Cuba,2015,1,1,&lt;1
Cuba,2014,1,1,&lt;1
Cuba,2013,1,1,&lt;1
Cuba,2012,1,1,&lt;1
Cuba,2011,1,1,&lt;1
Cuba,2010,1,1,&lt;1
Cuba,2009,1,1,&lt;1
Cuba,2008,1,1,&lt;1
Cuba,2007,1,1,&lt;1
Cuba,2006,1,1,&lt;1
Cuba,2005,1,1,&lt;1
Cuba,2004,1,1,&lt;1
,,,,
Row 1234-1284,,,,
Croatia,2017,&lt;1,&lt;1,&lt;1
Croatia,2016,&lt;1,&lt;1,&lt;1
Croatia,2015,&lt;1,&lt;1,&lt;1
Croatia,2014,&lt;1,&lt;1,&lt;1
Croatia,2013,&lt;1,&lt;1,&lt;1
Croatia,2012,&lt;1,&lt;1,&lt;1
Croatia,2011,&lt;1,&lt;1,&lt;1
Croatia,2010,&lt;1,&lt;1,&lt;1
Croatia,2009,&lt;1,&lt;1,&lt;1
Croatia,2008,&lt;1,&lt;1,&lt;1
Croatia,2007,&lt;1,&lt;1,&lt;1
Croatia,2006,&lt;1,&lt;1,&lt;1
Croatia,2005,&lt;1,&lt;1,&lt;1
Croatia,2004,&lt;1,&lt;1,&lt;1
Croatia,2003,&lt;1,&lt;1,&lt;1
Croatia,2002,&lt;1,&lt;1,&lt;1
Croatia,2001,&lt;1,&lt;1,&lt;1
Croatia,2000,&lt;1,&lt;1,&lt;1
Croatia,1999,&lt;1,&lt;1,&lt;1
Croatia,1998,&lt;1,&lt;1,&lt;1
Croatia,1997,&lt;1,&lt;1,&lt;1
Croatia,1996,&lt;1,&lt;1,&lt;1
Croatia,1995,&lt;1,&lt;1,&lt;1
Croatia,1994,1,&lt;1,&lt;1
Croatia,1993,1,&lt;1,&lt;1
Croatia,1992,1,1,&lt;1
Croatia,1991,1,1,&lt;1
Croatia,1990,1,1,&lt;1
Cuba,2017,1,1,&lt;1
Cuba,2016,1,1,&lt;1
Cuba,2015,1,1,&lt;1
Cuba,2014,1,1,&lt;1
Cuba,2013,1,1,&lt;1
Cuba,2012,1,1,&lt;1
Cuba,2011,1,1,&lt;1
Cuba,2010,1,1,&lt;1
Cuba,2009,1,1,&lt;1
Cuba,2008,1,1,&lt;1
Cuba,2007,1,1,&lt;1
Cuba,2006,1,1,&lt;1
Cuba,2005,1,1,&lt;1
Cuba,2004,1,1,&lt;1
,,,,
Row 1346-1373,,,,
Denmark,2017,&lt;1,&lt;1,&lt;1
Denmark,2016,&lt;1,&lt;1,&lt;1
Denmark,2015,&lt;1,&lt;1,&lt;1
Denmark,2014,&lt;1,&lt;1,&lt;1
Denmark,2013,&lt;1,&lt;1,&lt;1
Denmark,2012,&lt;1,&lt;1,&lt;1
Denmark,2011,&lt;1,&lt;1,&lt;1
Denmark,2010,&lt;1,&lt;1,&lt;1
Denmark,2009,&lt;1,&lt;1,&lt;1
Denmark,2008,&lt;1,&lt;1,&lt;1
Denmark,2007,&lt;1,&lt;1,&lt;1
Denmark,2006,&lt;1,&lt;1,&lt;1
Denmark,2005,&lt;1,&lt;1,&lt;1
Denmark,2004,&lt;1,&lt;1,&lt;1
Denmark,2003,&lt;1,&lt;1,&lt;1
Denmark,2002,&lt;1,&lt;1,&lt;1
Denmark,2001,&lt;1,&lt;1,&lt;1
Denmark,2000,&lt;1,&lt;1,&lt;1
Denmark,1999,&lt;1,&lt;1,&lt;1
Denmark,1998,&lt;1,&lt;1,&lt;1
Denmark,1997,&lt;1,&lt;1,&lt;1
Denmark,1996,&lt;1,&lt;1,&lt;1
Denmark,1995,&lt;1,&lt;1,&lt;1
Denmark,1994,&lt;1,&lt;1,&lt;1
Denmark,1993,&lt;1,&lt;1,&lt;1
Denmark,1992,1,&lt;1,&lt;1
Denmark,1991,1,&lt;1,&lt;1
Denmark,1990,1,&lt;1,&lt;1
,,,,
Row 1402-1429,,,,
Dominica,2017,&lt;1,&lt;1,&lt;1
Dominica,2016,&lt;1,&lt;1,&lt;1
Dominica,2015,&lt;1,&lt;1,&lt;1
Dominica,2014,&lt;1,&lt;1,&lt;1
Dominica,2013,&lt;1,&lt;1,&lt;1
Dominica,2012,&lt;1,&lt;1,&lt;1
Dominica,2011,&lt;1,&lt;1,&lt;1
Dominica,2010,&lt;1,&lt;1,&lt;1
Dominica,2009,&lt;1,&lt;1,&lt;1
Dominica,2008,&lt;1,&lt;1,&lt;1
Dominica,2007,&lt;1,&lt;1,&lt;1
Dominica,2006,&lt;1,&lt;1,&lt;1
Dominica,2005,&lt;1,&lt;1,&lt;1
Dominica,2004,&lt;1,&lt;1,&lt;1
Dominica,2003,&lt;1,&lt;1,&lt;1
Dominica,2002,&lt;1,&lt;1,&lt;1
Dominica,2001,&lt;1,&lt;1,&lt;1
Dominica,2000,&lt;1,&lt;1,&lt;1
Dominica,1999,&lt;1,&lt;1,&lt;1
Dominica,1998,&lt;1,&lt;1,&lt;1
Dominica,1997,&lt;1,&lt;1,&lt;1
Dominica,1996,&lt;1,&lt;1,&lt;1
Dominica,1995,&lt;1,&lt;1,&lt;1
Dominica,1994,&lt;1,&lt;1,&lt;1
Dominica,1993,&lt;1,&lt;1,&lt;1
Dominica,1992,&lt;1,&lt;1,&lt;1
Dominica,1991,&lt;1,&lt;1,&lt;1
Dominica,1990,&lt;1,&lt;1,&lt;1
,,,,
Row 1598-1625,,,,
Estonia,2017,&lt;1,&lt;1,&lt;1
Estonia,2016,&lt;1,&lt;1,&lt;1
Estonia,2015,&lt;1,&lt;1,&lt;1
Estonia,2014,&lt;1,&lt;1,&lt;1
Estonia,2013,&lt;1,&lt;1,&lt;1
Estonia,2012,&lt;1,&lt;1,&lt;1
Estonia,2011,&lt;1,&lt;1,&lt;1
Estonia,2010,&lt;1,&lt;1,&lt;1
Estonia,2009,&lt;1,&lt;1,&lt;1
Estonia,2008,&lt;1,&lt;1,&lt;1
Estonia,2007,&lt;1,&lt;1,&lt;1
Estonia,2006,&lt;1,&lt;1,&lt;1
Estonia,2005,&lt;1,&lt;1,&lt;1
Estonia,2004,&lt;1,&lt;1,&lt;1
Estonia,2003,&lt;1,&lt;1,&lt;1
Estonia,2002,&lt;1,&lt;1,&lt;1
Estonia,2001,&lt;1,&lt;1,&lt;1
Estonia,2000,&lt;1,&lt;1,&lt;1
Estonia,1999,&lt;1,&lt;1,&lt;1
Estonia,1998,&lt;1,&lt;1,&lt;1
Estonia,1997,&lt;1,&lt;1,&lt;1
Estonia,1996,&lt;1,&lt;1,&lt;1
Estonia,1995,&lt;1,&lt;1,&lt;1
Estonia,1994,&lt;1,&lt;1,&lt;1
Estonia,1993,&lt;1,&lt;1,&lt;1
Estonia,1992,&lt;1,&lt;1,&lt;1
Estonia,1991,&lt;1,&lt;1,&lt;1
Estonia,1990,&lt;1,&lt;1,&lt;1
,,,,
Row 1682-1737,,,,
Fiji,2017,&lt;1,&lt;1,&lt;1
Fiji,2016,&lt;1,&lt;1,&lt;1
Fiji,2015,&lt;1,&lt;1,&lt;1
Fiji,2014,&lt;1,&lt;1,&lt;1
Fiji,2013,&lt;1,&lt;1,&lt;1
Fiji,2012,&lt;1,&lt;1,&lt;1
Fiji,2011,&lt;1,&lt;1,&lt;1
Fiji,2010,&lt;1,&lt;1,&lt;1
Fiji,2009,&lt;1,&lt;1,&lt;1
Fiji,2008,&lt;1,&lt;1,&lt;1
Fiji,2007,&lt;1,&lt;1,&lt;1
Fiji,2006,&lt;1,&lt;1,&lt;1
Fiji,2005,&lt;1,&lt;1,&lt;1
Fiji,2004,&lt;1,&lt;1,&lt;1
Fiji,2003,&lt;1,&lt;1,&lt;1
Fiji,2002,&lt;1,&lt;1,&lt;1
Fiji,2001,&lt;1,&lt;1,&lt;1
Fiji,2000,&lt;1,&lt;1,&lt;1
Fiji,1999,&lt;1,&lt;1,&lt;1
Fiji,1998,&lt;1,&lt;1,&lt;1
Fiji,1997,&lt;1,&lt;1,&lt;1
Fiji,1996,1,&lt;1,&lt;1
Fiji,1995,1,&lt;1,&lt;1
Fiji,1994,1,&lt;1,&lt;1
Fiji,1993,1,&lt;1,&lt;1
Fiji,1992,1,&lt;1,&lt;1
Fiji,1991,1,&lt;1,&lt;1
Fiji,1990,1,1,&lt;1
Finland,2017,&lt;1,&lt;1,&lt;1
Finland,2016,&lt;1,&lt;1,&lt;1
Finland,2015,&lt;1,&lt;1,&lt;1
Finland,2014,&lt;1,&lt;1,&lt;1
Finland,2013,&lt;1,&lt;1,&lt;1
Finland,2012,&lt;1,&lt;1,&lt;1
Finland,2011,&lt;1,&lt;1,&lt;1
Finland,2010,&lt;1,&lt;1,&lt;1
Finland,2009,&lt;1,&lt;1,&lt;1
Finland,2008,&lt;1,&lt;1,&lt;1
Finland,2007,&lt;1,&lt;1,&lt;1
Finland,2006,&lt;1,&lt;1,&lt;1
Finland,2005,&lt;1,&lt;1,&lt;1
Finland,2004,&lt;1,&lt;1,&lt;1
Finland,2003,&lt;1,&lt;1,&lt;1
Finland,2002,&lt;1,&lt;1,&lt;1
Finland,2001,&lt;1,&lt;1,&lt;1
Finland,2000,&lt;1,&lt;1,&lt;1
Finland,1999,&lt;1,&lt;1,&lt;1
Finland,1998,&lt;1,&lt;1,&lt;1
Finland,1997,&lt;1,&lt;1,&lt;1
Finland,1996,&lt;1,&lt;1,&lt;1
Finland,1995,&lt;1,&lt;1,&lt;1
Finland,1994,&lt;1,&lt;1,&lt;1
Finland,1993,&lt;1,&lt;1,&lt;1
Finland,1992,&lt;1,&lt;1,&lt;1
Finland,1991,&lt;1,&lt;1,&lt;1
Finland,1990,&lt;1,&lt;1,&lt;1
,,,,
Row 1822-1825,,,,
Georgia,2017,1,1,&lt;1
Georgia,2016,1,1,&lt;1
Georgia,2015,1,1,&lt;1
Georgia,2014,1,1,&lt;1
,,,,
Row 1906-1924,,,,
Greece,2017,&lt;1,&lt;1,&lt;1
Greece,2016,&lt;1,&lt;1,&lt;1
Greece,2015,&lt;1,&lt;1,&lt;1
Greece,2014,&lt;1,&lt;1,&lt;1
Greece,2013,&lt;1,&lt;1,&lt;1
Greece,2012,&lt;1,&lt;1,&lt;1
Greece,2011,&lt;1,&lt;1,&lt;1
Greece,2010,&lt;1,&lt;1,&lt;1
Greece,2009,&lt;1,&lt;1,&lt;1
Greece,2008,&lt;1,&lt;1,&lt;1
Greece,2007,&lt;1,&lt;1,&lt;1
Greece,2006,1,&lt;1,&lt;1
Greece,2005,1,&lt;1,&lt;1
Greece,2004,1,&lt;1,&lt;1
Greece,2003,1,&lt;1,&lt;1
Greece,2002,1,1,&lt;1
Greece,2001,1,1,&lt;1
Greece,2000,1,1,&lt;1
Greece,1999,1,1,&lt;1
,,,,
Row 1934-1961,,,,
Grenada,2017,&lt;1,&lt;1,&lt;1
Grenada,2016,&lt;1,&lt;1,&lt;1
Grenada,2015,&lt;1,&lt;1,&lt;1
Grenada,2014,&lt;1,&lt;1,&lt;1
Grenada,2013,&lt;1,&lt;1,&lt;1
Grenada,2012,&lt;1,&lt;1,&lt;1
Grenada,2011,&lt;1,&lt;1,&lt;1
Grenada,2010,&lt;1,&lt;1,&lt;1
Grenada,2009,&lt;1,&lt;1,&lt;1
Grenada,2008,&lt;1,&lt;1,&lt;1
Grenada,2007,&lt;1,&lt;1,&lt;1
Grenada,2006,&lt;1,&lt;1,&lt;1
Grenada,2005,&lt;1,&lt;1,&lt;1
Grenada,2004,&lt;1,&lt;1,&lt;1
Grenada,2003,&lt;1,&lt;1,&lt;1
Grenada,2002,&lt;1,&lt;1,&lt;1
Grenada,2001,&lt;1,&lt;1,&lt;1
Grenada,2000,&lt;1,&lt;1,&lt;1
Grenada,1999,&lt;1,&lt;1,&lt;1
Grenada,1998,&lt;1,&lt;1,&lt;1
Grenada,1997,&lt;1,&lt;1,&lt;1
Grenada,1996,&lt;1,&lt;1,&lt;1
Grenada,1995,&lt;1,&lt;1,&lt;1
Grenada,1994,&lt;1,&lt;1,&lt;1
Grenada,1993,&lt;1,&lt;1,&lt;1
Grenada,1992,&lt;1,&lt;1,&lt;1
Grenada,1991,&lt;1,&lt;1,&lt;1
Grenada,1990,&lt;1,&lt;1,&lt;1
,,,,
Row 2046-2061,,,,
Guyana,2017,&lt;1,&lt;1,&lt;1
Guyana,2016,1,&lt;1,&lt;1
Guyana,2015,1,&lt;1,&lt;1
Guyana,2014,1,&lt;1,&lt;1
Guyana,2013,1,&lt;1,&lt;1
Guyana,2012,1,&lt;1,&lt;1
Guyana,2011,1,&lt;1,&lt;1
Guyana,2010,1,&lt;1,&lt;1
Guyana,2009,1,&lt;1,&lt;1
Guyana,2008,1,1,&lt;1
Guyana,2007,1,1,&lt;1
Guyana,2006,1,1,&lt;1
Guyana,2005,1,1,&lt;1
Guyana,2004,1,1,&lt;1
Guyana,2003,1,1,&lt;1
Guyana,2002,1,1,&lt;1
,,,,
Row 2130-2145,,,,
Hungary,2017,&lt;1,&lt;1,&lt;1
Hungary,2016,&lt;1,&lt;1,&lt;1
Hungary,2015,&lt;1,&lt;1,&lt;1
Hungary,2014,&lt;1,&lt;1,&lt;1
Hungary,2013,1,&lt;1,&lt;1
Hungary,2012,1,&lt;1,&lt;1
Hungary,2011,1,&lt;1,&lt;1
Hungary,2010,1,&lt;1,&lt;1
Hungary,2009,1,&lt;1,&lt;1
Hungary,2008,1,1,&lt;1
Hungary,2007,1,1,&lt;1
Hungary,2006,1,1,&lt;1
Hungary,2005,1,1,&lt;1
Hungary,2004,1,1,&lt;1
Hungary,2003,1,1,&lt;1
Hungary,2002,1,1,&lt;1
,,,,
Row 2158-2185,,,,
Iceland,2017,&lt;1,&lt;1,&lt;1
Iceland,2016,&lt;1,&lt;1,&lt;1
Iceland,2015,&lt;1,&lt;1,&lt;1
Iceland,2014,&lt;1,&lt;1,&lt;1
Iceland,2013,&lt;1,&lt;1,&lt;1
Iceland,2012,&lt;1,&lt;1,&lt;1
Iceland,2011,&lt;1,&lt;1,&lt;1
Iceland,2010,&lt;1,&lt;1,&lt;1
Iceland,2009,&lt;1,&lt;1,&lt;1
Iceland,2008,&lt;1,&lt;1,&lt;1
Iceland,2007,&lt;1,&lt;1,&lt;1
Iceland,2006,&lt;1,&lt;1,&lt;1
Iceland,2005,&lt;1,&lt;1,&lt;1
Iceland,2004,&lt;1,&lt;1,&lt;1
Iceland,2003,&lt;1,&lt;1,&lt;1
Iceland,2002,&lt;1,&lt;1,&lt;1
Iceland,2001,&lt;1,&lt;1,&lt;1
Iceland,2000,&lt;1,&lt;1,&lt;1
Iceland,1999,&lt;1,&lt;1,&lt;1
Iceland,1998,&lt;1,&lt;1,&lt;1
Iceland,1997,&lt;1,&lt;1,&lt;1
Iceland,1996,&lt;1,&lt;1,&lt;1
Iceland,1995,&lt;1,&lt;1,&lt;1
Iceland,1994,&lt;1,&lt;1,&lt;1
Iceland,1993,&lt;1,&lt;1,&lt;1
Iceland,1992,&lt;1,&lt;1,&lt;1
Iceland,1991,&lt;1,&lt;1,&lt;1
Iceland,1990,&lt;1,&lt;1,&lt;1
,,,,
Row 2298-2347,,,,
Ireland,2017,&lt;1,&lt;1,&lt;1
Ireland,2016,&lt;1,&lt;1,&lt;1
Ireland,2015,&lt;1,&lt;1,&lt;1
Ireland,2014,&lt;1,&lt;1,&lt;1
Ireland,2013,&lt;1,&lt;1,&lt;1
Ireland,2012,&lt;1,&lt;1,&lt;1
Ireland,2011,&lt;1,&lt;1,&lt;1
Ireland,2010,&lt;1,&lt;1,&lt;1
Ireland,2009,&lt;1,&lt;1,&lt;1
Ireland,2008,&lt;1,&lt;1,&lt;1
Ireland,2007,&lt;1,&lt;1,&lt;1
Ireland,2006,&lt;1,&lt;1,&lt;1
Ireland,2005,&lt;1,&lt;1,&lt;1
Ireland,2004,&lt;1,&lt;1,&lt;1
Ireland,2003,&lt;1,&lt;1,&lt;1
Ireland,2002,&lt;1,&lt;1,&lt;1
Ireland,2001,&lt;1,&lt;1,&lt;1
Ireland,2000,&lt;1,&lt;1,&lt;1
Ireland,1999,&lt;1,&lt;1,&lt;1
Ireland,1998,&lt;1,&lt;1,&lt;1
Ireland,1997,&lt;1,&lt;1,&lt;1
Ireland,1996,&lt;1,&lt;1,&lt;1
Ireland,1995,&lt;1,&lt;1,&lt;1
Ireland,1994,&lt;1,&lt;1,&lt;1
Ireland,1993,&lt;1,&lt;1,&lt;1
Ireland,1992,&lt;1,&lt;1,&lt;1
Ireland,1991,&lt;1,&lt;1,&lt;1
Ireland,1990,&lt;1,&lt;1,&lt;1
Israel,2017,1,&lt;1,&lt;1
Israel,2016,1,&lt;1,&lt;1
Israel,2015,1,1,&lt;1
Israel,2014,1,1,&lt;1
Israel,2013,1,1,&lt;1
Israel,2012,1,1,&lt;1
Israel,2011,1,1,&lt;1
Israel,2010,1,1,&lt;1
Israel,2009,1,1,&lt;1
Israel,2008,1,1,&lt;1
Israel,2007,1,1,&lt;1
Israel,2006,1,1,&lt;1
Israel,2005,1,1,&lt;1
Israel,2004,1,1,&lt;1
Israel,2003,1,1,&lt;1
Israel,2002,1,1,&lt;1
Israel,2001,1,1,&lt;1
Israel,2000,1,1,&lt;1
Israel,1999,1,1,&lt;1
Israel,1998,1,1,&lt;1
Israel,1997,1,1,&lt;1
Israel,1996,1,1,&lt;1
,,,,
Row 2522-2577,,,,
Kiribati,2017,&lt;1,&lt;1,&lt;1
Kiribati,2016,&lt;1,&lt;1,&lt;1
Kiribati,2015,&lt;1,&lt;1,&lt;1
Kiribati,2014,&lt;1,&lt;1,&lt;1
Kiribati,2013,&lt;1,&lt;1,&lt;1
Kiribati,2012,&lt;1,&lt;1,&lt;1
Kiribati,2011,&lt;1,&lt;1,&lt;1
Kiribati,2010,&lt;1,&lt;1,&lt;1
Kiribati,2009,&lt;1,&lt;1,&lt;1
Kiribati,2008,&lt;1,&lt;1,&lt;1
Kiribati,2007,&lt;1,&lt;1,&lt;1
Kiribati,2006,&lt;1,&lt;1,&lt;1
Kiribati,2005,&lt;1,&lt;1,&lt;1
Kiribati,2004,&lt;1,&lt;1,&lt;1
Kiribati,2003,&lt;1,&lt;1,&lt;1
Kiribati,2002,&lt;1,&lt;1,&lt;1
Kiribati,2001,&lt;1,&lt;1,&lt;1
Kiribati,2000,&lt;1,&lt;1,&lt;1
Kiribati,1999,&lt;1,&lt;1,&lt;1
Kiribati,1998,&lt;1,&lt;1,&lt;1
Kiribati,1997,&lt;1,&lt;1,&lt;1
Kiribati,1996,&lt;1,&lt;1,&lt;1
Kiribati,1995,&lt;1,&lt;1,&lt;1
Kiribati,1994,&lt;1,&lt;1,&lt;1
Kiribati,1993,&lt;1,&lt;1,&lt;1
Kiribati,1992,&lt;1,&lt;1,&lt;1
Kiribati,1991,&lt;1,&lt;1,&lt;1
Kiribati,1990,&lt;1,&lt;1,&lt;1
Kuwait,2017,1,&lt;1,&lt;1
Kuwait,2016,1,&lt;1,&lt;1
Kuwait,2015,1,&lt;1,&lt;1
Kuwait,2014,1,&lt;1,&lt;1
Kuwait,2013,1,1,&lt;1
Kuwait,2012,1,1,&lt;1
Kuwait,2011,1,1,&lt;1
Kuwait,2010,1,1,&lt;1
Kuwait,2009,1,1,&lt;1
Kuwait,2008,1,1,&lt;1
Kuwait,2007,1,1,&lt;1
Kuwait,2006,1,1,&lt;1
Kuwait,2005,1,&lt;1,&lt;1
Kuwait,2004,1,&lt;1,&lt;1
Kuwait,2003,1,&lt;1,&lt;1
Kuwait,2002,1,&lt;1,&lt;1
Kuwait,2001,1,&lt;1,&lt;1
Kuwait,2000,1,&lt;1,&lt;1
Kuwait,1999,1,&lt;1,&lt;1
Kuwait,1998,1,&lt;1,&lt;1
Kuwait,1997,1,&lt;1,&lt;1
Kuwait,1996,1,&lt;1,&lt;1
Kuwait,1995,1,&lt;1,&lt;1
Kuwait,1994,1,1,&lt;1
Kuwait,1993,1,1,&lt;1
Kuwait,1992,1,1,&lt;1
Kuwait,1991,1,1,&lt;1
Kuwait,1990,1,1,&lt;1
,,,,
Row 2634-2675,,,,
Latvia,2017,&lt;1,&lt;1,&lt;1
Latvia,2016,&lt;1,&lt;1,&lt;1
Latvia,2015,&lt;1,&lt;1,&lt;1
Latvia,2014,&lt;1,&lt;1,&lt;1
Latvia,2013,&lt;1,&lt;1,&lt;1
Latvia,2012,&lt;1,&lt;1,&lt;1
Latvia,2011,&lt;1,&lt;1,&lt;1
Latvia,2010,&lt;1,&lt;1,&lt;1
Latvia,2009,&lt;1,&lt;1,&lt;1
Latvia,2008,&lt;1,&lt;1,&lt;1
Latvia,2007,&lt;1,&lt;1,&lt;1
Latvia,2006,&lt;1,&lt;1,&lt;1
Latvia,2005,&lt;1,&lt;1,&lt;1
Latvia,2004,&lt;1,&lt;1,&lt;1
Latvia,2003,&lt;1,&lt;1,&lt;1
Latvia,2002,&lt;1,&lt;1,&lt;1
Latvia,2001,&lt;1,&lt;1,&lt;1
Latvia,2000,&lt;1,&lt;1,&lt;1
Latvia,1999,&lt;1,&lt;1,&lt;1
Latvia,1998,&lt;1,&lt;1,&lt;1
Latvia,1997,&lt;1,&lt;1,&lt;1
Latvia,1996,&lt;1,&lt;1,&lt;1
Latvia,1995,1,&lt;1,&lt;1
Latvia,1994,1,&lt;1,&lt;1
Latvia,1993,1,&lt;1,&lt;1
Latvia,1992,1,&lt;1,&lt;1
Latvia,1991,1,&lt;1,&lt;1
Latvia,1990,1,&lt;1,&lt;1
Lebanon,2017,1,1,&lt;1
Lebanon,2016,1,1,&lt;1
Lebanon,2015,1,1,&lt;1
Lebanon,2014,1,1,&lt;1
Lebanon,2013,1,1,&lt;1
Lebanon,2012,1,1,&lt;1
Lebanon,2011,1,1,&lt;1
Lebanon,2010,1,1,&lt;1
Lebanon,2009,1,1,&lt;1
Lebanon,2008,1,1,&lt;1
Lebanon,2007,1,1,&lt;1
Lebanon,2006,1,1,&lt;1
Lebanon,2005,1,1,&lt;1
Lebanon,2004,1,1,&lt;1
,,,,
Row 2774-2829,,,,
Lithuania,2017,&lt;1,&lt;1,&lt;1
Lithuania,2016,&lt;1,&lt;1,&lt;1
Lithuania,2015,&lt;1,&lt;1,&lt;1
Lithuania,2014,&lt;1,&lt;1,&lt;1
Lithuania,2013,&lt;1,&lt;1,&lt;1
Lithuania,2012,&lt;1,&lt;1,&lt;1
Lithuania,2011,&lt;1,&lt;1,&lt;1
Lithuania,2010,&lt;1,&lt;1,&lt;1
Lithuania,2009,&lt;1,&lt;1,&lt;1
Lithuania,2008,&lt;1,&lt;1,&lt;1
Lithuania,2007,&lt;1,&lt;1,&lt;1
Lithuania,2006,&lt;1,&lt;1,&lt;1
Lithuania,2005,&lt;1,&lt;1,&lt;1
Lithuania,2004,&lt;1,&lt;1,&lt;1
Lithuania,2003,&lt;1,&lt;1,&lt;1
Lithuania,2002,&lt;1,&lt;1,&lt;1
Lithuania,2001,&lt;1,&lt;1,&lt;1
Lithuania,2000,&lt;1,&lt;1,&lt;1
Lithuania,1999,&lt;1,&lt;1,&lt;1
Lithuania,1998,&lt;1,&lt;1,&lt;1
Lithuania,1997,1,&lt;1,&lt;1
Lithuania,1996,1,&lt;1,&lt;1
Lithuania,1995,1,1,&lt;1
Lithuania,1994,1,1,&lt;1
Lithuania,1993,1,1,1
Lithuania,1992,1,1,1
Lithuania,1991,1,1,&lt;1
Lithuania,1990,1,1,&lt;1
Luxembourg,2017,&lt;1,&lt;1,&lt;1
Luxembourg,2016,&lt;1,&lt;1,&lt;1
Luxembourg,2015,&lt;1,&lt;1,&lt;1
Luxembourg,2014,&lt;1,&lt;1,&lt;1
Luxembourg,2013,&lt;1,&lt;1,&lt;1
Luxembourg,2012,&lt;1,&lt;1,&lt;1
Luxembourg,2011,&lt;1,&lt;1,&lt;1
Luxembourg,2010,&lt;1,&lt;1,&lt;1
Luxembourg,2009,&lt;1,&lt;1,&lt;1
Luxembourg,2008,&lt;1,&lt;1,&lt;1
Luxembourg,2007,&lt;1,&lt;1,&lt;1
Luxembourg,2006,&lt;1,&lt;1,&lt;1
Luxembourg,2005,&lt;1,&lt;1,&lt;1
Luxembourg,2004,&lt;1,&lt;1,&lt;1
Luxembourg,2003,&lt;1,&lt;1,&lt;1
Luxembourg,2002,&lt;1,&lt;1,&lt;1
Luxembourg,2001,&lt;1,&lt;1,&lt;1
Luxembourg,2000,&lt;1,&lt;1,&lt;1
Luxembourg,1999,&lt;1,&lt;1,&lt;1
Luxembourg,1998,&lt;1,&lt;1,&lt;1
Luxembourg,1997,&lt;1,&lt;1,&lt;1
Luxembourg,1996,&lt;1,&lt;1,&lt;1
Luxembourg,1995,&lt;1,&lt;1,&lt;1
Luxembourg,1994,&lt;1,&lt;1,&lt;1
Luxembourg,1993,&lt;1,&lt;1,&lt;1
Luxembourg,1992,&lt;1,&lt;1,&lt;1
Luxembourg,1991,&lt;1,&lt;1,&lt;1
Luxembourg,1990,&lt;1,&lt;1,&lt;1
,,,,
Row 2914-2941,,,,
Maldives,2017,&lt;1,&lt;1,&lt;1
Maldives,2016,&lt;1,&lt;1,&lt;1
Maldives,2015,&lt;1,&lt;1,&lt;1
Maldives,2014,&lt;1,&lt;1,&lt;1
Maldives,2013,&lt;1,&lt;1,&lt;1
Maldives,2012,&lt;1,&lt;1,&lt;1
Maldives,2011,&lt;1,&lt;1,&lt;1
Maldives,2010,&lt;1,&lt;1,&lt;1
Maldives,2009,&lt;1,&lt;1,&lt;1
Maldives,2008,&lt;1,&lt;1,&lt;1
Maldives,2007,&lt;1,&lt;1,&lt;1
Maldives,2006,&lt;1,&lt;1,&lt;1
Maldives,2005,&lt;1,&lt;1,&lt;1
Maldives,2004,&lt;1,&lt;1,&lt;1
Maldives,2003,&lt;1,&lt;1,&lt;1
Maldives,2002,&lt;1,&lt;1,&lt;1
Maldives,2001,&lt;1,&lt;1,&lt;1
Maldives,2000,&lt;1,&lt;1,&lt;1
Maldives,1999,&lt;1,&lt;1,&lt;1
Maldives,1998,&lt;1,&lt;1,&lt;1
Maldives,1997,&lt;1,&lt;1,&lt;1
Maldives,1996,1,&lt;1,&lt;1
Maldives,1995,1,&lt;1,&lt;1
Maldives,1994,1,&lt;1,&lt;1
Maldives,1993,1,1,&lt;1
Maldives,1992,1,1,&lt;1
Maldives,1991,1,1,&lt;1
Maldives,1990,1,1,&lt;1
,,,,
Row 2970-3025,,,,
Malta,2017,&lt;1,&lt;1,&lt;1
Malta,2016,&lt;1,&lt;1,&lt;1
Malta,2015,&lt;1,&lt;1,&lt;1
Malta,2014,&lt;1,&lt;1,&lt;1
Malta,2013,&lt;1,&lt;1,&lt;1
Malta,2012,&lt;1,&lt;1,&lt;1
Malta,2011,&lt;1,&lt;1,&lt;1
Malta,2010,&lt;1,&lt;1,&lt;1
Malta,2009,&lt;1,&lt;1,&lt;1
Malta,2008,&lt;1,&lt;1,&lt;1
Malta,2007,&lt;1,&lt;1,&lt;1
Malta,2006,&lt;1,&lt;1,&lt;1
Malta,2005,&lt;1,&lt;1,&lt;1
Malta,2004,&lt;1,&lt;1,&lt;1
Malta,2003,&lt;1,&lt;1,&lt;1
Malta,2002,&lt;1,&lt;1,&lt;1
Malta,2001,&lt;1,&lt;1,&lt;1
Malta,2000,&lt;1,&lt;1,&lt;1
Malta,1999,&lt;1,&lt;1,&lt;1
Malta,1998,&lt;1,&lt;1,&lt;1
Malta,1997,&lt;1,&lt;1,&lt;1
Malta,1996,&lt;1,&lt;1,&lt;1
Malta,1995,&lt;1,&lt;1,&lt;1
Malta,1994,&lt;1,&lt;1,&lt;1
Malta,1993,&lt;1,&lt;1,&lt;1
Malta,1992,&lt;1,&lt;1,&lt;1
Malta,1991,&lt;1,&lt;1,&lt;1
Malta,1990,&lt;1,&lt;1,&lt;1
Marshall Islands,2017,&lt;1,&lt;1,&lt;1
Marshall Islands,2016,&lt;1,&lt;1,&lt;1
Marshall Islands,2015,&lt;1,&lt;1,&lt;1
Marshall Islands,2014,&lt;1,&lt;1,&lt;1
Marshall Islands,2013,&lt;1,&lt;1,&lt;1
Marshall Islands,2012,&lt;1,&lt;1,&lt;1
Marshall Islands,2011,&lt;1,&lt;1,&lt;1
Marshall Islands,2010,&lt;1,&lt;1,&lt;1
Marshall Islands,2009,&lt;1,&lt;1,&lt;1
Marshall Islands,2008,&lt;1,&lt;1,&lt;1
Marshall Islands,2007,&lt;1,&lt;1,&lt;1
Marshall Islands,2006,&lt;1,&lt;1,&lt;1
Marshall Islands,2005,&lt;1,&lt;1,&lt;1
Marshall Islands,2004,&lt;1,&lt;1,&lt;1
Marshall Islands,2003,&lt;1,&lt;1,&lt;1
Marshall Islands,2002,&lt;1,&lt;1,&lt;1
Marshall Islands,2001,&lt;1,&lt;1,&lt;1
Marshall Islands,2000,&lt;1,&lt;1,&lt;1
Marshall Islands,1999,&lt;1,&lt;1,&lt;1
Marshall Islands,1998,&lt;1,&lt;1,&lt;1
Marshall Islands,1997,&lt;1,&lt;1,&lt;1
Marshall Islands,1996,&lt;1,&lt;1,&lt;1
Marshall Islands,1995,&lt;1,&lt;1,&lt;1
Marshall Islands,1994,&lt;1,&lt;1,&lt;1
Marshall Islands,1993,&lt;1,&lt;1,&lt;1
Marshall Islands,1992,&lt;1,&lt;1,&lt;1
Marshall Islands,1991,&lt;1,&lt;1,&lt;1
Marshall Islands,1990,&lt;1,&lt;1,&lt;1
,,,,
Row 3054-3081,,,,
Mauritius,2017,&lt;1,&lt;1,&lt;1
Mauritius,2016,&lt;1,&lt;1,&lt;1
Mauritius,2015,&lt;1,&lt;1,&lt;1
Mauritius,2014,&lt;1,&lt;1,&lt;1
Mauritius,2013,&lt;1,&lt;1,&lt;1
Mauritius,2012,&lt;1,&lt;1,&lt;1
Mauritius,2011,&lt;1,&lt;1,&lt;1
Mauritius,2010,&lt;1,&lt;1,&lt;1
Mauritius,2009,&lt;1,&lt;1,&lt;1
Mauritius,2008,&lt;1,&lt;1,&lt;1
Mauritius,2007,&lt;1,&lt;1,&lt;1
Mauritius,2006,&lt;1,&lt;1,&lt;1
Mauritius,2005,&lt;1,&lt;1,&lt;1
Mauritius,2004,&lt;1,&lt;1,&lt;1
Mauritius,2003,&lt;1,&lt;1,&lt;1
Mauritius,2002,&lt;1,&lt;1,&lt;1
Mauritius,2001,&lt;1,&lt;1,&lt;1
Mauritius,2000,&lt;1,&lt;1,&lt;1
Mauritius,1999,&lt;1,&lt;1,&lt;1
Mauritius,1998,&lt;1,&lt;1,&lt;1
Mauritius,1997,&lt;1,&lt;1,&lt;1
Mauritius,1996,&lt;1,&lt;1,&lt;1
Mauritius,1995,&lt;1,&lt;1,&lt;1
Mauritius,1994,&lt;1,&lt;1,&lt;1
Mauritius,1993,&lt;1,&lt;1,&lt;1
Mauritius,1992,&lt;1,&lt;1,&lt;1
Mauritius,1991,&lt;1,&lt;1,&lt;1
Mauritius,1990,1,&lt;1,&lt;1
,,,,
Row 3110-3165,,,,
Mauritius,2017,&lt;1,&lt;1,&lt;1
Mauritius,2016,&lt;1,&lt;1,&lt;1
Mauritius,2015,&lt;1,&lt;1,&lt;1
Mauritius,2014,&lt;1,&lt;1,&lt;1
Mauritius,2013,&lt;1,&lt;1,&lt;1
Mauritius,2012,&lt;1,&lt;1,&lt;1
Mauritius,2011,&lt;1,&lt;1,&lt;1
Mauritius,2010,&lt;1,&lt;1,&lt;1
Mauritius,2009,&lt;1,&lt;1,&lt;1
Mauritius,2008,&lt;1,&lt;1,&lt;1
Mauritius,2007,&lt;1,&lt;1,&lt;1
Mauritius,2006,&lt;1,&lt;1,&lt;1
Mauritius,2005,&lt;1,&lt;1,&lt;1
Mauritius,2004,&lt;1,&lt;1,&lt;1
Mauritius,2003,&lt;1,&lt;1,&lt;1
Mauritius,2002,&lt;1,&lt;1,&lt;1
Mauritius,2001,&lt;1,&lt;1,&lt;1
Mauritius,2000,&lt;1,&lt;1,&lt;1
Mauritius,1999,&lt;1,&lt;1,&lt;1
Mauritius,1998,&lt;1,&lt;1,&lt;1
Mauritius,1997,&lt;1,&lt;1,&lt;1
Mauritius,1996,&lt;1,&lt;1,&lt;1
Mauritius,1995,&lt;1,&lt;1,&lt;1
Mauritius,1994,&lt;1,&lt;1,&lt;1
Mauritius,1993,&lt;1,&lt;1,&lt;1
Mauritius,1992,&lt;1,&lt;1,&lt;1
Mauritius,1991,&lt;1,&lt;1,&lt;1
Mauritius,1990,1,&lt;1,&lt;1
,,,,
Row 3194-3221,,,,
Montenegro,2017,&lt;1,&lt;1,&lt;1
Montenegro,2016,&lt;1,&lt;1,&lt;1
Montenegro,2015,&lt;1,&lt;1,&lt;1
Montenegro,2014,&lt;1,&lt;1,&lt;1
Montenegro,2013,&lt;1,&lt;1,&lt;1
Montenegro,2012,&lt;1,&lt;1,&lt;1
Montenegro,2011,&lt;1,&lt;1,&lt;1
Montenegro,2010,&lt;1,&lt;1,&lt;1
Montenegro,2009,&lt;1,&lt;1,&lt;1
Montenegro,2008,&lt;1,&lt;1,&lt;1
Montenegro,2007,&lt;1,&lt;1,&lt;1
Montenegro,2006,&lt;1,&lt;1,&lt;1
Montenegro,2005,&lt;1,&lt;1,&lt;1
Montenegro,2004,&lt;1,&lt;1,&lt;1
Montenegro,2003,&lt;1,&lt;1,&lt;1
Montenegro,2002,&lt;1,&lt;1,&lt;1
Montenegro,2001,&lt;1,&lt;1,&lt;1
Montenegro,2000,&lt;1,&lt;1,&lt;1
Montenegro,1999,&lt;1,&lt;1,&lt;1
Montenegro,1998,&lt;1,&lt;1,&lt;1
Montenegro,1997,&lt;1,&lt;1,&lt;1
Montenegro,1996,&lt;1,&lt;1,&lt;1
Montenegro,1995,&lt;1,&lt;1,&lt;1
Montenegro,1994,&lt;1,&lt;1,&lt;1
Montenegro,1993,&lt;1,&lt;1,&lt;1
Montenegro,1992,&lt;1,&lt;1,&lt;1
Montenegro,1991,&lt;1,&lt;1,&lt;1
Montenegro,1990,&lt;1,&lt;1,&lt;1
,,,,
Row 3334-3361,,,,
Nauru,2017,&lt;1,&lt;1,&lt;1
Nauru,2016,&lt;1,&lt;1,&lt;1
Nauru,2015,&lt;1,&lt;1,&lt;1
Nauru,2014,&lt;1,&lt;1,&lt;1
Nauru,2013,&lt;1,&lt;1,&lt;1
Nauru,2012,&lt;1,&lt;1,&lt;1
Nauru,2011,&lt;1,&lt;1,&lt;1
Nauru,2010,&lt;1,&lt;1,&lt;1
Nauru,2009,&lt;1,&lt;1,&lt;1
Nauru,2008,&lt;1,&lt;1,&lt;1
Nauru,2007,&lt;1,&lt;1,&lt;1
Nauru,2006,&lt;1,&lt;1,&lt;1
Nauru,2005,&lt;1,&lt;1,&lt;1
Nauru,2004,&lt;1,&lt;1,&lt;1
Nauru,2003,&lt;1,&lt;1,&lt;1
Nauru,2002,&lt;1,&lt;1,&lt;1
Nauru,2001,&lt;1,&lt;1,&lt;1
Nauru,2000,&lt;1,&lt;1,&lt;1
Nauru,1999,&lt;1,&lt;1,&lt;1
Nauru,1998,&lt;1,&lt;1,&lt;1
Nauru,1997,&lt;1,&lt;1,&lt;1
Nauru,1996,&lt;1,&lt;1,&lt;1
Nauru,1995,&lt;1,&lt;1,&lt;1
Nauru,1994,&lt;1,&lt;1,&lt;1
Nauru,1993,&lt;1,&lt;1,&lt;1
Nauru,1992,&lt;1,&lt;1,&lt;1
Nauru,1991,&lt;1,&lt;1,&lt;1
Nauru,1990,&lt;1,&lt;1,&lt;1
,,,,
Row 3390-3396,,,,
Netherlands,2017,1,1,&lt;1
Netherlands,2016,1,1,&lt;1
Netherlands,2015,1,1,&lt;1
Netherlands,2014,1,1,&lt;1
Netherlands,2013,1,1,&lt;1
Netherlands,2012,1,1,&lt;1
Netherlands,2011,1,1,&lt;1
,,,,
Row 3418-3445,,,,
New Zealand,2017,&lt;1,&lt;1,&lt;1
New Zealand,2016,&lt;1,&lt;1,&lt;1
New Zealand,2015,&lt;1,&lt;1,&lt;1
New Zealand,2014,&lt;1,&lt;1,&lt;1
New Zealand,2013,&lt;1,&lt;1,&lt;1
New Zealand,2012,&lt;1,&lt;1,&lt;1
New Zealand,2011,&lt;1,&lt;1,&lt;1
New Zealand,2010,&lt;1,&lt;1,&lt;1
New Zealand,2009,&lt;1,&lt;1,&lt;1
New Zealand,2008,&lt;1,&lt;1,&lt;1
New Zealand,2007,&lt;1,&lt;1,&lt;1
New Zealand,2006,&lt;1,&lt;1,&lt;1
New Zealand,2005,&lt;1,&lt;1,&lt;1
New Zealand,2004,&lt;1,&lt;1,&lt;1
New Zealand,2003,&lt;1,&lt;1,&lt;1
New Zealand,2002,&lt;1,&lt;1,&lt;1
New Zealand,2001,&lt;1,&lt;1,&lt;1
New Zealand,2000,&lt;1,&lt;1,&lt;1
New Zealand,1999,&lt;1,&lt;1,&lt;1
New Zealand,1998,&lt;1,&lt;1,&lt;1
New Zealand,1997,&lt;1,&lt;1,&lt;1
New Zealand,1996,&lt;1,&lt;1,&lt;1
New Zealand,1995,1,&lt;1,&lt;1
New Zealand,1994,1,&lt;1,&lt;1
New Zealand,1993,1,&lt;1,&lt;1
New Zealand,1992,1,&lt;1,&lt;1
New Zealand,1991,1,1,&lt;1
New Zealand,1990,1,1,&lt;1
,,,,
Row 3530-3605,,,,
Niue,2017,&lt;1,&lt;1,0
Niue,2016,&lt;1,&lt;1,0
Niue,2015,&lt;1,&lt;1,0
Niue,2014,&lt;1,&lt;1,0
Niue,2013,&lt;1,&lt;1,0
Niue,2012,&lt;1,&lt;1,0
Niue,2011,&lt;1,&lt;1,0
Niue,2010,&lt;1,&lt;1,0
Niue,2009,&lt;1,&lt;1,0
Niue,2008,&lt;1,&lt;1,0
Niue,2007,&lt;1,&lt;1,0
Niue,2006,&lt;1,&lt;1,0
Niue,2005,&lt;1,&lt;1,0
Niue,2004,&lt;1,&lt;1,0
Niue,2003,&lt;1,&lt;1,0
Niue,2002,&lt;1,&lt;1,0
Niue,2001,&lt;1,&lt;1,0
Niue,2000,&lt;1,&lt;1,0
Niue,1999,&lt;1,&lt;1,0
Niue,1998,&lt;1,&lt;1,0
Niue,1997,&lt;1,&lt;1,0
Niue,1996,&lt;1,&lt;1,0
Niue,1995,&lt;1,&lt;1,0
Niue,1994,&lt;1,&lt;1,0
Niue,1993,&lt;1,&lt;1,0
Niue,1992,&lt;1,&lt;1,0
Niue,1991,&lt;1,&lt;1,0
Niue,1990,&lt;1,&lt;1,0
Norway,2017,&lt;1,&lt;1,&lt;1
Norway,2016,&lt;1,&lt;1,&lt;1
Norway,2015,&lt;1,&lt;1,&lt;1
Norway,2014,&lt;1,&lt;1,&lt;1
Norway,2013,&lt;1,&lt;1,&lt;1
Norway,2012,&lt;1,&lt;1,&lt;1
Norway,2011,&lt;1,&lt;1,&lt;1
Norway,2010,&lt;1,&lt;1,&lt;1
Norway,2009,&lt;1,&lt;1,&lt;1
Norway,2008,&lt;1,&lt;1,&lt;1
Norway,2007,&lt;1,&lt;1,&lt;1
Norway,2006,&lt;1,&lt;1,&lt;1
Norway,2005,&lt;1,&lt;1,&lt;1
Norway,2004,&lt;1,&lt;1,&lt;1
Norway,2003,&lt;1,&lt;1,&lt;1
Norway,2002,&lt;1,&lt;1,&lt;1
Norway,2001,&lt;1,&lt;1,&lt;1
Norway,2000,&lt;1,&lt;1,&lt;1
Norway,1999,&lt;1,&lt;1,&lt;1
Norway,1998,&lt;1,&lt;1,&lt;1
Norway,1997,&lt;1,&lt;1,&lt;1
Norway,1996,&lt;1,&lt;1,&lt;1
Norway,1995,&lt;1,&lt;1,&lt;1
Norway,1994,&lt;1,&lt;1,&lt;1
Norway,1993,&lt;1,&lt;1,&lt;1
Norway,1992,&lt;1,&lt;1,&lt;1
Norway,1991,&lt;1,&lt;1,&lt;1
Norway,1990,&lt;1,&lt;1,&lt;1
Oman,2017,1,1,&lt;1
Oman,2016,1,1,&lt;1
Oman,2015,1,1,&lt;1
Oman,2014,1,1,&lt;1
Oman,2013,1,1,&lt;1
Oman,2012,1,1,&lt;1
Oman,2011,1,1,&lt;1
Oman,2010,1,1,&lt;1
Oman,2009,1,1,&lt;1
Oman,2008,1,1,&lt;1
Oman,2007,1,1,&lt;1
Oman,2006,1,1,&lt;1
Oman,2005,1,1,&lt;1
Oman,2004,1,1,&lt;1
Oman,2003,1,1,&lt;1
Oman,2002,1,1,&lt;1
Oman,2001,1,1,&lt;1
Oman,2000,1,1,&lt;1
Oman,1999,1,1,&lt;1
Oman,1998,1,1,&lt;1
,,,,
Row 3642-3669,,,,
Palau,2017,&lt;1,&lt;1,&lt;1
Palau,2016,&lt;1,&lt;1,&lt;1
Palau,2015,&lt;1,&lt;1,&lt;1
Palau,2014,&lt;1,&lt;1,&lt;1
Palau,2013,&lt;1,&lt;1,&lt;1
Palau,2012,&lt;1,&lt;1,&lt;1
Palau,2011,&lt;1,&lt;1,&lt;1
Palau,2010,&lt;1,&lt;1,&lt;1
Palau,2009,&lt;1,&lt;1,&lt;1
Palau,2008,&lt;1,&lt;1,&lt;1
Palau,2007,&lt;1,&lt;1,&lt;1
Palau,2006,&lt;1,&lt;1,&lt;1
Palau,2005,&lt;1,&lt;1,&lt;1
Palau,2004,&lt;1,&lt;1,&lt;1
Palau,2003,&lt;1,&lt;1,&lt;1
Palau,2002,&lt;1,&lt;1,&lt;1
Palau,2001,&lt;1,&lt;1,&lt;1
Palau,2000,&lt;1,&lt;1,&lt;1
Palau,1999,&lt;1,&lt;1,&lt;1
Palau,1998,&lt;1,&lt;1,&lt;1
Palau,1997,&lt;1,&lt;1,&lt;1
Palau,1996,&lt;1,&lt;1,&lt;1
Palau,1995,&lt;1,&lt;1,&lt;1
Palau,1994,&lt;1,&lt;1,&lt;1
Palau,1993,&lt;1,&lt;1,&lt;1
Palau,1992,&lt;1,&lt;1,&lt;1
Palau,1991,&lt;1,&lt;1,&lt;1
Palau,1990,&lt;1,&lt;1,&lt;1
,,,,
Row 3838-3859,,,,
Portugal,2017,&lt;1,&lt;1,&lt;1
Portugal,2016,&lt;1,&lt;1,&lt;1
Portugal,2015,&lt;1,&lt;1,&lt;1
Portugal,2014,&lt;1,&lt;1,&lt;1
Portugal,2013,&lt;1,&lt;1,&lt;1
Portugal,2012,&lt;1,&lt;1,&lt;1
Portugal,2011,&lt;1,&lt;1,&lt;1
Portugal,2010,&lt;1,&lt;1,&lt;1
Portugal,2009,&lt;1,&lt;1,&lt;1
Portugal,2008,&lt;1,&lt;1,&lt;1
Portugal,2007,&lt;1,&lt;1,&lt;1
Portugal,2006,&lt;1,&lt;1,&lt;1
Portugal,2005,1,&lt;1,&lt;1
Portugal,2004,1,&lt;1,&lt;1
Portugal,2003,1,&lt;1,&lt;1
Portugal,2002,1,1,&lt;1
Portugal,2001,1,1,&lt;1
Portugal,2000,1,1,&lt;1
Portugal,1999,1,1,&lt;1
Portugal,1998,1,1,&lt;1
Portugal,1997,1,1,&lt;1
Portugal,1996,1,1,&lt;1
,,,,
Row 3866-3893,,,,
Qatar,2017,&lt;1,&lt;1,&lt;1
Qatar,2016,&lt;1,&lt;1,&lt;1
Qatar,2015,&lt;1,&lt;1,&lt;1
Qatar,2014,&lt;1,&lt;1,&lt;1
Qatar,2013,&lt;1,&lt;1,&lt;1
Qatar,2012,&lt;1,&lt;1,&lt;1
Qatar,2011,&lt;1,&lt;1,&lt;1
Qatar,2010,&lt;1,&lt;1,&lt;1
Qatar,2009,&lt;1,&lt;1,&lt;1
Qatar,2008,&lt;1,&lt;1,&lt;1
Qatar,2007,&lt;1,&lt;1,&lt;1
Qatar,2006,&lt;1,&lt;1,&lt;1
Qatar,2005,&lt;1,&lt;1,&lt;1
Qatar,2004,&lt;1,&lt;1,&lt;1
Qatar,2003,&lt;1,&lt;1,&lt;1
Qatar,2002,&lt;1,&lt;1,&lt;1
Qatar,2001,&lt;1,&lt;1,&lt;1
Qatar,2000,&lt;1,&lt;1,&lt;1
Qatar,1999,&lt;1,&lt;1,&lt;1
Qatar,1998,&lt;1,&lt;1,&lt;1
Qatar,1997,&lt;1,&lt;1,&lt;1
Qatar,1996,&lt;1,&lt;1,&lt;1
Qatar,1995,&lt;1,&lt;1,&lt;1
Qatar,1994,&lt;1,&lt;1,&lt;1
Qatar,1993,&lt;1,&lt;1,&lt;1
Qatar,1992,&lt;1,&lt;1,&lt;1
Qatar,1991,&lt;1,&lt;1,&lt;1
Qatar,1990,&lt;1,&lt;1,&lt;1
,,,,
Row 3922-3923,,,,
Republic of Moldova,2017,1,1,&lt;1
Republic of Moldova,2016,1,1,&lt;1
,,,,
Row 4034-4201,,,,
Saint Kitts and Nevis,2017,&lt;1,&lt;1,&lt;1
Saint Kitts and Nevis,2016,&lt;1,&lt;1,&lt;1
Saint Kitts and Nevis,2015,&lt;1,&lt;1,&lt;1
Saint Kitts and Nevis,2014,&lt;1,&lt;1,&lt;1
Saint Kitts and Nevis,2013,&lt;1,&lt;1,&lt;1
Saint Kitts and Nevis,2012,&lt;1,&lt;1,&lt;1
Saint Kitts and Nevis,2011,&lt;1,&lt;1,&lt;1
Saint Kitts and Nevis,2010,&lt;1,&lt;1,&lt;1
Saint Kitts and Nevis,2009,&lt;1,&lt;1,&lt;1
Saint Kitts and Nevis,2008,&lt;1,&lt;1,&lt;1
Saint Kitts and Nevis,2007,&lt;1,&lt;1,&lt;1
Saint Kitts and Nevis,2006,&lt;1,&lt;1,&lt;1
Saint Kitts and Nevis,2005,&lt;1,&lt;1,&lt;1
Saint Kitts and Nevis,2004,&lt;1,&lt;1,&lt;1
Saint Kitts and Nevis,2003,&lt;1,&lt;1,&lt;1
Saint Kitts and Nevis,2002,&lt;1,&lt;1,&lt;1
Saint Kitts and Nevis,2001,&lt;1,&lt;1,&lt;1
Saint Kitts and Nevis,2000,&lt;1,&lt;1,&lt;1
Saint Kitts and Nevis,1999,&lt;1,&lt;1,&lt;1
Saint Kitts and Nevis,1998,&lt;1,&lt;1,&lt;1
Saint Kitts and Nevis,1997,&lt;1,&lt;1,&lt;1
Saint Kitts and Nevis,1996,&lt;1,&lt;1,&lt;1
Saint Kitts and Nevis,1995,&lt;1,&lt;1,&lt;1
Saint Kitts and Nevis,1994,&lt;1,&lt;1,&lt;1
Saint Kitts and Nevis,1993,&lt;1,&lt;1,&lt;1
Saint Kitts and Nevis,1992,&lt;1,&lt;1,&lt;1
Saint Kitts and Nevis,1991,&lt;1,&lt;1,&lt;1
Saint Kitts and Nevis,1990,&lt;1,&lt;1,&lt;1
Saint Lucia,2017,&lt;1,&lt;1,&lt;1
Saint Lucia,2016,&lt;1,&lt;1,&lt;1
Saint Lucia,2015,&lt;1,&lt;1,&lt;1
Saint Lucia,2014,&lt;1,&lt;1,&lt;1
Saint Lucia,2013,&lt;1,&lt;1,&lt;1
Saint Lucia,2012,&lt;1,&lt;1,&lt;1
Saint Lucia,2011,&lt;1,&lt;1,&lt;1
Saint Lucia,2010,&lt;1,&lt;1,&lt;1
Saint Lucia,2009,&lt;1,&lt;1,&lt;1
Saint Lucia,2008,&lt;1,&lt;1,&lt;1
Saint Lucia,2007,&lt;1,&lt;1,&lt;1
Saint Lucia,2006,&lt;1,&lt;1,&lt;1
Saint Lucia,2005,&lt;1,&lt;1,&lt;1
Saint Lucia,2004,&lt;1,&lt;1,&lt;1
Saint Lucia,2003,&lt;1,&lt;1,&lt;1
Saint Lucia,2002,&lt;1,&lt;1,&lt;1
Saint Lucia,2001,&lt;1,&lt;1,&lt;1
Saint Lucia,2000,&lt;1,&lt;1,&lt;1
Saint Lucia,1999,&lt;1,&lt;1,&lt;1
Saint Lucia,1998,&lt;1,&lt;1,&lt;1
Saint Lucia,1997,&lt;1,&lt;1,&lt;1
Saint Lucia,1996,&lt;1,&lt;1,&lt;1
Saint Lucia,1995,&lt;1,&lt;1,&lt;1
Saint Lucia,1994,&lt;1,&lt;1,&lt;1
Saint Lucia,1993,&lt;1,&lt;1,&lt;1
Saint Lucia,1992,&lt;1,&lt;1,&lt;1
Saint Lucia,1991,&lt;1,&lt;1,&lt;1
Saint Lucia,1990,&lt;1,&lt;1,&lt;1
Saint Vincent and the Grenadines,2017,&lt;1,&lt;1,&lt;1
Saint Vincent and the Grenadines,2016,&lt;1,&lt;1,&lt;1
Saint Vincent and the Grenadines,2015,&lt;1,&lt;1,&lt;1
Saint Vincent and the Grenadines,2014,&lt;1,&lt;1,&lt;1
Saint Vincent and the Grenadines,2013,&lt;1,&lt;1,&lt;1
Saint Vincent and the Grenadines,2012,&lt;1,&lt;1,&lt;1
Saint Vincent and the Grenadines,2011,&lt;1,&lt;1,&lt;1
Saint Vincent and the Grenadines,2010,&lt;1,&lt;1,&lt;1
Saint Vincent and the Grenadines,2009,&lt;1,&lt;1,&lt;1
Saint Vincent and the Grenadines,2008,&lt;1,&lt;1,&lt;1
Saint Vincent and the Grenadines,2007,&lt;1,&lt;1,&lt;1
Saint Vincent and the Grenadines,2006,&lt;1,&lt;1,&lt;1
Saint Vincent and the Grenadines,2005,&lt;1,&lt;1,&lt;1
Saint Vincent and the Grenadines,2004,&lt;1,&lt;1,&lt;1
Saint Vincent and the Grenadines,2003,&lt;1,&lt;1,&lt;1
Saint Vincent and the Grenadines,2002,&lt;1,&lt;1,&lt;1
Saint Vincent and the Grenadines,2001,&lt;1,&lt;1,&lt;1
Saint Vincent and the Grenadines,2000,&lt;1,&lt;1,&lt;1
Saint Vincent and the Grenadines,1999,&lt;1,&lt;1,&lt;1
Saint Vincent and the Grenadines,1998,&lt;1,&lt;1,&lt;1
Saint Vincent and the Grenadines,1997,&lt;1,&lt;1,&lt;1
Saint Vincent and the Grenadines,1996,&lt;1,&lt;1,&lt;1
Saint Vincent and the Grenadines,1995,&lt;1,&lt;1,&lt;1
Saint Vincent and the Grenadines,1994,&lt;1,&lt;1,&lt;1
Saint Vincent and the Grenadines,1993,&lt;1,&lt;1,&lt;1
Saint Vincent and the Grenadines,1992,&lt;1,&lt;1,&lt;1
Saint Vincent and the Grenadines,1991,&lt;1,&lt;1,&lt;1
Saint Vincent and the Grenadines,1990,&lt;1,&lt;1,&lt;1
Samoa,2017,&lt;1,&lt;1,&lt;1
Samoa,2016,&lt;1,&lt;1,&lt;1
Samoa,2015,&lt;1,&lt;1,&lt;1
Samoa,2014,&lt;1,&lt;1,&lt;1
Samoa,2013,&lt;1,&lt;1,&lt;1
Samoa,2012,&lt;1,&lt;1,&lt;1
Samoa,2011,&lt;1,&lt;1,&lt;1
Samoa,2010,&lt;1,&lt;1,&lt;1
Samoa,2009,&lt;1,&lt;1,&lt;1
Samoa,2008,&lt;1,&lt;1,&lt;1
Samoa,2007,&lt;1,&lt;1,&lt;1
Samoa,2006,&lt;1,&lt;1,&lt;1
Samoa,2005,&lt;1,&lt;1,&lt;1
Samoa,2004,&lt;1,&lt;1,&lt;1
Samoa,2003,&lt;1,&lt;1,&lt;1
Samoa,2002,&lt;1,&lt;1,&lt;1
Samoa,2001,&lt;1,&lt;1,&lt;1
Samoa,2000,&lt;1,&lt;1,&lt;1
Samoa,1999,&lt;1,&lt;1,&lt;1
Samoa,1998,&lt;1,&lt;1,&lt;1
Samoa,1997,&lt;1,&lt;1,&lt;1
Samoa,1996,&lt;1,&lt;1,&lt;1
Samoa,1995,&lt;1,&lt;1,&lt;1
Samoa,1994,&lt;1,&lt;1,&lt;1
Samoa,1993,&lt;1,&lt;1,&lt;1
Samoa,1992,&lt;1,&lt;1,&lt;1
Samoa,1991,&lt;1,&lt;1,&lt;1
Samoa,1990,&lt;1,&lt;1,&lt;1
San Marino,2017,&lt;1,&lt;1,0
San Marino,2016,&lt;1,&lt;1,0
San Marino,2015,&lt;1,&lt;1,0
San Marino,2014,&lt;1,&lt;1,0
San Marino,2013,&lt;1,&lt;1,0
San Marino,2012,&lt;1,&lt;1,0
San Marino,2011,&lt;1,&lt;1,0
San Marino,2010,&lt;1,&lt;1,0
San Marino,2009,&lt;1,&lt;1,0
San Marino,2008,&lt;1,&lt;1,0
San Marino,2007,&lt;1,&lt;1,&lt;1
San Marino,2006,&lt;1,&lt;1,&lt;1
San Marino,2005,&lt;1,&lt;1,&lt;1
San Marino,2004,&lt;1,&lt;1,&lt;1
San Marino,2003,&lt;1,&lt;1,&lt;1
San Marino,2002,&lt;1,&lt;1,&lt;1
San Marino,2001,&lt;1,&lt;1,&lt;1
San Marino,2000,&lt;1,&lt;1,&lt;1
San Marino,1999,&lt;1,&lt;1,&lt;1
San Marino,1998,&lt;1,&lt;1,&lt;1
San Marino,1997,&lt;1,&lt;1,&lt;1
San Marino,1996,&lt;1,&lt;1,&lt;1
San Marino,1995,&lt;1,&lt;1,&lt;1
San Marino,1994,&lt;1,&lt;1,&lt;1
San Marino,1993,&lt;1,&lt;1,&lt;1
San Marino,1992,&lt;1,&lt;1,&lt;1
San Marino,1991,&lt;1,&lt;1,&lt;1
San Marino,1990,&lt;1,&lt;1,&lt;1
Sao Tome and Principe,2017,&lt;1,&lt;1,&lt;1
Sao Tome and Principe,2016,&lt;1,&lt;1,&lt;1
Sao Tome and Principe,2015,&lt;1,&lt;1,&lt;1
Sao Tome and Principe,2014,&lt;1,&lt;1,&lt;1
Sao Tome and Principe,2013,&lt;1,&lt;1,&lt;1
Sao Tome and Principe,2012,&lt;1,&lt;1,&lt;1
Sao Tome and Principe,2011,&lt;1,&lt;1,&lt;1
Sao Tome and Principe,2010,&lt;1,&lt;1,&lt;1
Sao Tome and Principe,2009,&lt;1,&lt;1,&lt;1
Sao Tome and Principe,2008,&lt;1,&lt;1,&lt;1
Sao Tome and Principe,2007,&lt;1,&lt;1,&lt;1
Sao Tome and Principe,2006,&lt;1,&lt;1,&lt;1
Sao Tome and Principe,2005,&lt;1,&lt;1,&lt;1
Sao Tome and Principe,2004,&lt;1,&lt;1,&lt;1
Sao Tome and Principe,2003,&lt;1,&lt;1,&lt;1
Sao Tome and Principe,2002,&lt;1,&lt;1,&lt;1
Sao Tome and Principe,2001,&lt;1,&lt;1,&lt;1
Sao Tome and Principe,2000,&lt;1,&lt;1,&lt;1
Sao Tome and Principe,1999,&lt;1,&lt;1,&lt;1
Sao Tome and Principe,1998,&lt;1,&lt;1,&lt;1
Sao Tome and Principe,1997,&lt;1,&lt;1,&lt;1
Sao Tome and Principe,1996,1,&lt;1,&lt;1
Sao Tome and Principe,1995,1,&lt;1,&lt;1
Sao Tome and Principe,1994,1,&lt;1,&lt;1
Sao Tome and Principe,1993,1,&lt;1,&lt;1
Sao Tome and Principe,1992,1,&lt;1,&lt;1
Sao Tome and Principe,1991,&lt;1,&lt;1,&lt;1
Sao Tome and Principe,1990,&lt;1,&lt;1,&lt;1
,,,,
Row 4258-4267,,,,
Serbia,2017,1,&lt;1,&lt;1
Serbia,2016,1,&lt;1,&lt;1
Serbia,2015,1,1,&lt;1
Serbia,2014,1,1,&lt;1
Serbia,2013,1,1,&lt;1
Serbia,2012,1,1,&lt;1
Serbia,2011,1,1,&lt;1
Serbia,2010,1,1,&lt;1
Serbia,2009,1,1,&lt;1
Serbia,2008,1,1,&lt;1
,,,,
Row 4286-4313,,,,
Seychelles,2017,&lt;1,&lt;1,&lt;1
Seychelles,2016,&lt;1,&lt;1,&lt;1
Seychelles,2015,&lt;1,&lt;1,&lt;1
Seychelles,2014,&lt;1,&lt;1,&lt;1
Seychelles,2013,&lt;1,&lt;1,&lt;1
Seychelles,2012,&lt;1,&lt;1,&lt;1
Seychelles,2011,&lt;1,&lt;1,&lt;1
Seychelles,2010,&lt;1,&lt;1,&lt;1
Seychelles,2009,&lt;1,&lt;1,&lt;1
Seychelles,2008,&lt;1,&lt;1,&lt;1
Seychelles,2007,&lt;1,&lt;1,&lt;1
Seychelles,2006,&lt;1,&lt;1,&lt;1
Seychelles,2005,&lt;1,&lt;1,&lt;1
Seychelles,2004,&lt;1,&lt;1,&lt;1
Seychelles,2003,&lt;1,&lt;1,&lt;1
Seychelles,2002,&lt;1,&lt;1,&lt;1
Seychelles,2001,&lt;1,&lt;1,&lt;1
Seychelles,2000,&lt;1,&lt;1,&lt;1
Seychelles,1999,&lt;1,&lt;1,&lt;1
Seychelles,1998,&lt;1,&lt;1,&lt;1
Seychelles,1997,&lt;1,&lt;1,&lt;1
Seychelles,1996,&lt;1,&lt;1,&lt;1
Seychelles,1995,&lt;1,&lt;1,&lt;1
Seychelles,1994,&lt;1,&lt;1,&lt;1
Seychelles,1993,&lt;1,&lt;1,&lt;1
Seychelles,1992,&lt;1,&lt;1,&lt;1
Seychelles,1991,&lt;1,&lt;1,&lt;1
Seychelles,1990,&lt;1,&lt;1,&lt;1
,,,,
Row 4342-4392,,,,
Seychelles,2017,&lt;1,&lt;1,&lt;1
Seychelles,2016,&lt;1,&lt;1,&lt;1
Seychelles,2015,&lt;1,&lt;1,&lt;1
Seychelles,2014,&lt;1,&lt;1,&lt;1
Seychelles,2013,&lt;1,&lt;1,&lt;1
Seychelles,2012,&lt;1,&lt;1,&lt;1
Seychelles,2011,&lt;1,&lt;1,&lt;1
Seychelles,2010,&lt;1,&lt;1,&lt;1
Seychelles,2009,&lt;1,&lt;1,&lt;1
Seychelles,2008,&lt;1,&lt;1,&lt;1
Seychelles,2007,&lt;1,&lt;1,&lt;1
Seychelles,2006,&lt;1,&lt;1,&lt;1
Seychelles,2005,&lt;1,&lt;1,&lt;1
Seychelles,2004,&lt;1,&lt;1,&lt;1
Seychelles,2003,&lt;1,&lt;1,&lt;1
Seychelles,2002,&lt;1,&lt;1,&lt;1
Seychelles,2001,&lt;1,&lt;1,&lt;1
Seychelles,2000,&lt;1,&lt;1,&lt;1
Seychelles,1999,&lt;1,&lt;1,&lt;1
Seychelles,1998,&lt;1,&lt;1,&lt;1
Seychelles,1997,&lt;1,&lt;1,&lt;1
Seychelles,1996,&lt;1,&lt;1,&lt;1
Seychelles,1995,&lt;1,&lt;1,&lt;1
Seychelles,1994,&lt;1,&lt;1,&lt;1
Seychelles,1993,&lt;1,&lt;1,&lt;1
Seychelles,1992,&lt;1,&lt;1,&lt;1
Seychelles,1991,&lt;1,&lt;1,&lt;1
Seychelles,1990,&lt;1,&lt;1,&lt;1
,,,,
Row 4398-4453,,,,
Slovenia,2017,&lt;1,&lt;1,&lt;1
Slovenia,2016,&lt;1,&lt;1,&lt;1
Slovenia,2015,&lt;1,&lt;1,&lt;1
Slovenia,2014,&lt;1,&lt;1,&lt;1
Slovenia,2013,&lt;1,&lt;1,&lt;1
Slovenia,2012,&lt;1,&lt;1,&lt;1
Slovenia,2011,&lt;1,&lt;1,&lt;1
Slovenia,2010,&lt;1,&lt;1,&lt;1
Slovenia,2009,&lt;1,&lt;1,&lt;1
Slovenia,2008,&lt;1,&lt;1,&lt;1
Slovenia,2007,&lt;1,&lt;1,&lt;1
Slovenia,2006,&lt;1,&lt;1,&lt;1
Slovenia,2005,&lt;1,&lt;1,&lt;1
Slovenia,2004,&lt;1,&lt;1,&lt;1
Slovenia,2003,&lt;1,&lt;1,&lt;1
Slovenia,2002,&lt;1,&lt;1,&lt;1
Slovenia,2001,&lt;1,&lt;1,&lt;1
Slovenia,2000,&lt;1,&lt;1,&lt;1
Slovenia,1999,&lt;1,&lt;1,&lt;1
Slovenia,1998,&lt;1,&lt;1,&lt;1
Slovenia,1997,&lt;1,&lt;1,&lt;1
Slovenia,1996,&lt;1,&lt;1,&lt;1
Slovenia,1995,&lt;1,&lt;1,&lt;1
Slovenia,1994,&lt;1,&lt;1,&lt;1
Slovenia,1993,&lt;1,&lt;1,&lt;1
Slovenia,1992,&lt;1,&lt;1,&lt;1
Slovenia,1991,&lt;1,&lt;1,&lt;1
Slovenia,1990,&lt;1,&lt;1,&lt;1
Solomon Islands,2017,&lt;1,&lt;1,&lt;1
Solomon Islands,2016,&lt;1,&lt;1,&lt;1
Solomon Islands,2015,&lt;1,&lt;1,&lt;1
Solomon Islands,2014,&lt;1,&lt;1,&lt;1
Solomon Islands,2013,&lt;1,&lt;1,&lt;1
Solomon Islands,2012,&lt;1,&lt;1,&lt;1
Solomon Islands,2011,&lt;1,&lt;1,&lt;1
Solomon Islands,2010,&lt;1,&lt;1,&lt;1
Solomon Islands,2009,&lt;1,&lt;1,&lt;1
Solomon Islands,2008,&lt;1,&lt;1,&lt;1
Solomon Islands,2007,&lt;1,&lt;1,&lt;1
Solomon Islands,2006,&lt;1,&lt;1,&lt;1
Solomon Islands,2005,&lt;1,&lt;1,&lt;1
Solomon Islands,2004,&lt;1,&lt;1,&lt;1
Solomon Islands,2003,&lt;1,&lt;1,&lt;1
Solomon Islands,2002,&lt;1,&lt;1,&lt;1
Solomon Islands,2001,&lt;1,&lt;1,&lt;1
Solomon Islands,2000,&lt;1,&lt;1,&lt;1
Solomon Islands,1999,&lt;1,&lt;1,&lt;1
Solomon Islands,1998,&lt;1,&lt;1,&lt;1
Solomon Islands,1997,&lt;1,&lt;1,&lt;1
Solomon Islands,1996,&lt;1,&lt;1,&lt;1
Solomon Islands,1995,&lt;1,&lt;1,&lt;1
Solomon Islands,1994,&lt;1,&lt;1,&lt;1
Solomon Islands,1993,&lt;1,&lt;1,&lt;1
Solomon Islands,1992,&lt;1,&lt;1,&lt;1
Solomon Islands,1991,&lt;1,&lt;1,&lt;1
Solomon Islands,1990,&lt;1,&lt;1,&lt;1
,,,,
Row 4622-4705,,,,
Suriname,2017,&lt;1,&lt;1,&lt;1
Suriname,2016,&lt;1,&lt;1,&lt;1
Suriname,2015,&lt;1,&lt;1,&lt;1
Suriname,2014,&lt;1,&lt;1,&lt;1
Suriname,2013,&lt;1,&lt;1,&lt;1
Suriname,2012,&lt;1,&lt;1,&lt;1
Suriname,2011,&lt;1,&lt;1,&lt;1
Suriname,2010,&lt;1,&lt;1,&lt;1
Suriname,2009,&lt;1,&lt;1,&lt;1
Suriname,2008,&lt;1,&lt;1,&lt;1
Suriname,2007,&lt;1,&lt;1,&lt;1
Suriname,2006,&lt;1,&lt;1,&lt;1
Suriname,2005,&lt;1,&lt;1,&lt;1
Suriname,2004,&lt;1,&lt;1,&lt;1
Suriname,2003,&lt;1,&lt;1,&lt;1
Suriname,2002,&lt;1,&lt;1,&lt;1
Suriname,2001,&lt;1,&lt;1,&lt;1
Suriname,2000,&lt;1,&lt;1,&lt;1
Suriname,1999,&lt;1,&lt;1,&lt;1
Suriname,1998,&lt;1,&lt;1,&lt;1
Suriname,1997,&lt;1,&lt;1,&lt;1
Suriname,1996,&lt;1,&lt;1,&lt;1
Suriname,1995,&lt;1,&lt;1,&lt;1
Suriname,1994,&lt;1,&lt;1,&lt;1
Suriname,1993,&lt;1,&lt;1,&lt;1
Suriname,1992,1,&lt;1,&lt;1
Suriname,1991,1,&lt;1,&lt;1
Suriname,1990,1,&lt;1,&lt;1
Sweden,2017,&lt;1,&lt;1,&lt;1
Sweden,2016,&lt;1,&lt;1,&lt;1
Sweden,2015,&lt;1,&lt;1,&lt;1
Sweden,2014,&lt;1,&lt;1,&lt;1
Sweden,2013,&lt;1,&lt;1,&lt;1
Sweden,2012,&lt;1,&lt;1,&lt;1
Sweden,2011,&lt;1,&lt;1,&lt;1
Sweden,2010,&lt;1,&lt;1,&lt;1
Sweden,2009,&lt;1,&lt;1,&lt;1
Sweden,2008,&lt;1,&lt;1,&lt;1
Sweden,2007,&lt;1,&lt;1,&lt;1
Sweden,2006,&lt;1,&lt;1,&lt;1
Sweden,2005,&lt;1,&lt;1,&lt;1
Sweden,2004,&lt;1,&lt;1,&lt;1
Sweden,2003,&lt;1,&lt;1,&lt;1
Sweden,2002,&lt;1,&lt;1,&lt;1
Sweden,2001,&lt;1,&lt;1,&lt;1
Sweden,2000,&lt;1,&lt;1,&lt;1
Sweden,1999,&lt;1,&lt;1,&lt;1
Sweden,1998,&lt;1,&lt;1,&lt;1
Sweden,1997,&lt;1,&lt;1,&lt;1
Sweden,1996,&lt;1,&lt;1,&lt;1
Sweden,1995,1,&lt;1,&lt;1
Sweden,1994,1,&lt;1,&lt;1
Sweden,1993,1,1,&lt;1
Sweden,1992,1,1,&lt;1
Sweden,1991,1,1,&lt;1
Sweden,1990,1,1,&lt;1
Switzerland,2017,&lt;1,&lt;1,&lt;1
Switzerland,2016,&lt;1,&lt;1,&lt;1
Switzerland,2015,&lt;1,&lt;1,&lt;1
Switzerland,2014,&lt;1,&lt;1,&lt;1
Switzerland,2013,&lt;1,&lt;1,&lt;1
Switzerland,2012,&lt;1,&lt;1,&lt;1
Switzerland,2011,&lt;1,&lt;1,&lt;1
Switzerland,2010,&lt;1,&lt;1,&lt;1
Switzerland,2009,&lt;1,&lt;1,&lt;1
Switzerland,2008,&lt;1,&lt;1,&lt;1
Switzerland,2007,&lt;1,&lt;1,&lt;1
Switzerland,2006,&lt;1,&lt;1,&lt;1
Switzerland,2005,&lt;1,&lt;1,&lt;1
Switzerland,2004,&lt;1,&lt;1,&lt;1
Switzerland,2003,&lt;1,&lt;1,&lt;1
Switzerland,2002,&lt;1,&lt;1,&lt;1
Switzerland,2001,&lt;1,&lt;1,&lt;1
Switzerland,2000,&lt;1,&lt;1,&lt;1
Switzerland,1999,&lt;1,&lt;1,&lt;1
Switzerland,1998,&lt;1,&lt;1,&lt;1
Switzerland,1997,&lt;1,&lt;1,&lt;1
Switzerland,1996,1,&lt;1,&lt;1
Switzerland,1995,1,&lt;1,&lt;1
Switzerland,1994,1,&lt;1,&lt;1
Switzerland,1993,1,&lt;1,&lt;1
Switzerland,1992,1,&lt;1,&lt;1
Switzerland,1991,1,1,&lt;1
Switzerland,1990,1,1,&lt;1
,,,,
Row 4790-4814,,,,
Republic of North Macedonia,2017,&lt;1,&lt;1,&lt;1
Republic of North Macedonia,2016,&lt;1,&lt;1,&lt;1
Republic of North Macedonia,2015,&lt;1,&lt;1,&lt;1
Republic of North Macedonia,2014,&lt;1,&lt;1,&lt;1
Republic of North Macedonia,2013,&lt;1,&lt;1,&lt;1
Republic of North Macedonia,2012,&lt;1,&lt;1,&lt;1
Republic of North Macedonia,2011,&lt;1,&lt;1,&lt;1
Republic of North Macedonia,2010,&lt;1,&lt;1,&lt;1
Republic of North Macedonia,2009,&lt;1,&lt;1,&lt;1
Republic of North Macedonia,2008,&lt;1,&lt;1,&lt;1
Republic of North Macedonia,2007,&lt;1,&lt;1,&lt;1
Republic of North Macedonia,2006,&lt;1,&lt;1,&lt;1
Republic of North Macedonia,2005,&lt;1,&lt;1,&lt;1
Republic of North Macedonia,2004,&lt;1,&lt;1,&lt;1
Republic of North Macedonia,2003,&lt;1,&lt;1,&lt;1
Republic of North Macedonia,2002,&lt;1,&lt;1,&lt;1
Republic of North Macedonia,2001,&lt;1,&lt;1,&lt;1
Republic of North Macedonia,2000,&lt;1,&lt;1,&lt;1
Republic of North Macedonia,1999,&lt;1,&lt;1,&lt;1
Republic of North Macedonia,1998,1,&lt;1,&lt;1
Republic of North Macedonia,1997,1,1,&lt;1
Republic of North Macedonia,1996,1,1,&lt;1
Republic of North Macedonia,1995,1,1,&lt;1
Republic of North Macedonia,1994,1,1,&lt;1
Republic of North Macedonia,1993,1,1,&lt;1
,,,,
Row 4874-4927,,,,
Tonga,2017,&lt;1,&lt;1,&lt;1
Tonga,2016,&lt;1,&lt;1,&lt;1
Tonga,2015,&lt;1,&lt;1,&lt;1
Tonga,2014,&lt;1,&lt;1,&lt;1
Tonga,2013,&lt;1,&lt;1,&lt;1
Tonga,2012,&lt;1,&lt;1,&lt;1
Tonga,2011,&lt;1,&lt;1,&lt;1
Tonga,2010,&lt;1,&lt;1,&lt;1
Tonga,2009,&lt;1,&lt;1,&lt;1
Tonga,2008,&lt;1,&lt;1,&lt;1
Tonga,2007,&lt;1,&lt;1,&lt;1
Tonga,2006,&lt;1,&lt;1,&lt;1
Tonga,2005,&lt;1,&lt;1,&lt;1
Tonga,2004,&lt;1,&lt;1,&lt;1
Tonga,2003,&lt;1,&lt;1,&lt;1
Tonga,2002,&lt;1,&lt;1,&lt;1
Tonga,2001,&lt;1,&lt;1,&lt;1
Tonga,2000,&lt;1,&lt;1,&lt;1
Tonga,1999,&lt;1,&lt;1,&lt;1
Tonga,1998,&lt;1,&lt;1,&lt;1
Tonga,1997,&lt;1,&lt;1,&lt;1
Tonga,1996,&lt;1,&lt;1,&lt;1
Tonga,1995,&lt;1,&lt;1,&lt;1
Tonga,1994,&lt;1,&lt;1,&lt;1
Tonga,1993,&lt;1,&lt;1,&lt;1
Tonga,1992,&lt;1,&lt;1,&lt;1
Tonga,1991,&lt;1,&lt;1,&lt;1
Tonga,1990,&lt;1,&lt;1,&lt;1
Trinidad and Tobago,2017,&lt;1,&lt;1,&lt;1
Trinidad and Tobago,2016,1,&lt;1,&lt;1
Trinidad and Tobago,2015,1,&lt;1,&lt;1
Trinidad and Tobago,2014,1,&lt;1,&lt;1
Trinidad and Tobago,2013,1,1,&lt;1
Trinidad and Tobago,2012,1,1,&lt;1
Trinidad and Tobago,2011,1,1,&lt;1
Trinidad and Tobago,2010,1,1,&lt;1
Trinidad and Tobago,2009,1,1,&lt;1
Trinidad and Tobago,2008,1,1,&lt;1
Trinidad and Tobago,2007,1,1,&lt;1
Trinidad and Tobago,2006,1,1,&lt;1
Trinidad and Tobago,2005,1,1,&lt;1
Trinidad and Tobago,2004,1,1,&lt;1
Trinidad and Tobago,2003,1,1,&lt;1
Trinidad and Tobago,2002,1,1,&lt;1
Trinidad and Tobago,2001,1,1,&lt;1
Trinidad and Tobago,2000,1,1,&lt;1
Trinidad and Tobago,1999,1,1,&lt;1
Trinidad and Tobago,1998,1,1,&lt;1
Trinidad and Tobago,1997,1,1,&lt;1
Trinidad and Tobago,1996,1,1,&lt;1
Trinidad and Tobago,1995,1,1,&lt;1
Trinidad and Tobago,1994,1,1,&lt;1
Trinidad and Tobago,1993,1,1,&lt;1
Trinidad and Tobago,1992,1,1,&lt;1
,,,,
Row 5014-5041,,,,
Tuvalu,2017,&lt;1,&lt;1,&lt;1
Tuvalu,2016,&lt;1,&lt;1,&lt;1
Tuvalu,2015,&lt;1,&lt;1,&lt;1
Tuvalu,2014,&lt;1,&lt;1,&lt;1
Tuvalu,2013,&lt;1,&lt;1,&lt;1
Tuvalu,2012,&lt;1,&lt;1,&lt;1
Tuvalu,2011,&lt;1,&lt;1,&lt;1
Tuvalu,2010,&lt;1,&lt;1,&lt;1
Tuvalu,2009,&lt;1,&lt;1,&lt;1
Tuvalu,2008,&lt;1,&lt;1,&lt;1
Tuvalu,2007,&lt;1,&lt;1,&lt;1
Tuvalu,2006,&lt;1,&lt;1,&lt;1
Tuvalu,2005,&lt;1,&lt;1,&lt;1
Tuvalu,2004,&lt;1,&lt;1,&lt;1
Tuvalu,2003,&lt;1,&lt;1,&lt;1
Tuvalu,2002,&lt;1,&lt;1,&lt;1
Tuvalu,2001,&lt;1,&lt;1,&lt;1
Tuvalu,2000,&lt;1,&lt;1,&lt;1
Tuvalu,1999,&lt;1,&lt;1,&lt;1
Tuvalu,1998,&lt;1,&lt;1,&lt;1
Tuvalu,1997,&lt;1,&lt;1,&lt;1
Tuvalu,1996,&lt;1,&lt;1,&lt;1
Tuvalu,1995,&lt;1,&lt;1,&lt;1
Tuvalu,1994,&lt;1,&lt;1,&lt;1
Tuvalu,1993,&lt;1,&lt;1,&lt;1
Tuvalu,1992,&lt;1,&lt;1,&lt;1
Tuvalu,1991,&lt;1,&lt;1,&lt;1
Tuvalu,1990,&lt;1,&lt;1,&lt;1
,,,,
Row 5098-5125,,,,
United Arab Emirates,2017,1,1,&lt;1
United Arab Emirates,2016,1,1,&lt;1
United Arab Emirates,2015,1,1,&lt;1
United Arab Emirates,2014,1,1,&lt;1
United Arab Emirates,2013,1,1,&lt;1
United Arab Emirates,2012,1,1,&lt;1
United Arab Emirates,2011,1,1,&lt;1
United Arab Emirates,2010,1,1,&lt;1
United Arab Emirates,2009,1,1,&lt;1
United Arab Emirates,2008,1,1,&lt;1
United Arab Emirates,2007,1,1,&lt;1
United Arab Emirates,2006,1,1,&lt;1
United Arab Emirates,2005,1,1,&lt;1
United Arab Emirates,2004,1,1,&lt;1
United Arab Emirates,2003,1,1,&lt;1
United Arab Emirates,2002,1,1,&lt;1
United Arab Emirates,2001,1,1,&lt;1
United Arab Emirates,2000,1,1,&lt;1
United Arab Emirates,1999,1,1,&lt;1
United Arab Emirates,1998,1,1,&lt;1
United Arab Emirates,1997,1,1,&lt;1
United Arab Emirates,1996,1,1,&lt;1
United Arab Emirates,1995,1,1,&lt;1
United Arab Emirates,1994,1,1,&lt;1
United Arab Emirates,1993,1,1,&lt;1
United Arab Emirates,1992,1,1,&lt;1
United Arab Emirates,1991,1,1,&lt;1
United Arab Emirates,1990,1,1,&lt;1
,,,,
Row 5210-5229,,,,
Uruguay,2017,&lt;1,&lt;1,&lt;1
Uruguay,2016,&lt;1,&lt;1,&lt;1
Uruguay,2015,&lt;1,&lt;1,&lt;1
Uruguay,2014,&lt;1,&lt;1,&lt;1
Uruguay,2013,&lt;1,&lt;1,&lt;1
Uruguay,2012,&lt;1,&lt;1,&lt;1
Uruguay,2011,1,&lt;1,&lt;1
Uruguay,2010,1,&lt;1,&lt;1
Uruguay,2009,1,&lt;1,&lt;1
Uruguay,2008,1,1,&lt;1
Uruguay,2007,1,1,&lt;1
Uruguay,2006,1,1,&lt;1
Uruguay,2005,1,1,&lt;1
Uruguay,2004,1,1,&lt;1
Uruguay,2003,1,1,&lt;1
Uruguay,2002,1,1,&lt;1
Uruguay,2001,1,1,&lt;1
Uruguay,2000,1,1,&lt;1
Uruguay,1999,1,1,&lt;1
Uruguay,1998,1,1,&lt;1
,,,,
Row 5266-5293,,,,
Vanuatu,2017,&lt;1,&lt;1,&lt;1
Vanuatu,2016,&lt;1,&lt;1,&lt;1
Vanuatu,2015,&lt;1,&lt;1,&lt;1
Vanuatu,2014,&lt;1,&lt;1,&lt;1
Vanuatu,2013,&lt;1,&lt;1,&lt;1
Vanuatu,2012,&lt;1,&lt;1,&lt;1
Vanuatu,2011,&lt;1,&lt;1,&lt;1
Vanuatu,2010,&lt;1,&lt;1,&lt;1
Vanuatu,2009,&lt;1,&lt;1,&lt;1
Vanuatu,2008,&lt;1,&lt;1,&lt;1
Vanuatu,2007,&lt;1,&lt;1,&lt;1
Vanuatu,2006,&lt;1,&lt;1,&lt;1
Vanuatu,2005,&lt;1,&lt;1,&lt;1
Vanuatu,2004,&lt;1,&lt;1,&lt;1
Vanuatu,2003,&lt;1,&lt;1,&lt;1
Vanuatu,2002,&lt;1,&lt;1,&lt;1
Vanuatu,2001,&lt;1,&lt;1,&lt;1
Vanuatu,2000,&lt;1,&lt;1,&lt;1
Vanuatu,1999,&lt;1,&lt;1,&lt;1
Vanuatu,1998,&lt;1,&lt;1,&lt;1
Vanuatu,1997,&lt;1,&lt;1,&lt;1
Vanuatu,1996,&lt;1,&lt;1,&lt;1
Vanuatu,1995,&lt;1,&lt;1,&lt;1
Vanuatu,1994,&lt;1,&lt;1,&lt;1
Vanuatu,1993,&lt;1,&lt;1,&lt;1
Vanuatu,1992,&lt;1,&lt;1,&lt;1
Vanuatu,1991,&lt;1,&lt;1,&lt;1
Vanuatu,1990,&lt;1,&lt;1,&lt;1